<antigenSupportingData>
<immunity>
</immunity>
<contraindications>
<vaccineGroup>
<contraindication>
<observationCode>007</observationCode>
<observationTitle>Pregnant</observationTitle>
<contraindicationText>Do not vaccinate if the patient is pregnant.</contraindicationText>
<contraindicationGuidance/>
<beginAge/>
<endAge/>
</contraindication>
<contraindication>
<observationCode>080</observationCode>
<observationTitle>Adverse reaction to vaccine component</observationTitle>
<contraindicationText>Do not vaccinate if the patient has had an adverse reaction to a vaccine component.</contraindicationText>
<contraindicationGuidance/>
<beginAge/>
<endAge/>
</contraindication>
<contraindication>
<observationCode>090</observationCode>
<observationTitle>Severe allergic reaction after previous dose of HPV</observationTitle>
<contraindicationText>Do not vaccinate if the patient has had a severe allergic reaction after a previous dose of HPV vaccine.</contraindicationText>
<contraindicationGuidance/>
<beginAge/>
<endAge/>
</contraindication>
<contraindication>
<observationCode>110</observationCode>
<observationTitle>Hypersensitivity to yeast</observationTitle>
<contraindicationText>Do not vaccinate with 9vHPV if the patient has a hypersensitivity to yeast.</contraindicationText>
<contraindicationGuidance/>
<beginAge/>
<endAge/>
</contraindication>
</vaccineGroup>
</contraindications>
<series>
<seriesName>HPV 2-dose series</seriesName>
<targetDisease>HPV</targetDisease>
<vaccineGroup>HPV</vaccineGroup>
<seriesAdminGuidance/>
<seriesType>Standard</seriesType>
<equivalentSeriesGroups>2</equivalentSeriesGroups>
<requiredGender>Female</requiredGender>
<requiredGender>Transgender</requiredGender>
<requiredGender>Unknown</requiredGender>
<selectSeries>
<defaultSeries>Yes</defaultSeries>
<productPath>No</productPath>
<seriesGroupName>Standard</seriesGroupName>
<seriesGroup>1</seriesGroup>
<seriesPriority>A</seriesPriority>
<seriesPreference>1</seriesPreference>
<minAgeToStart/>
<maxAgeToStart>15 years</maxAgeToStart>
</selectSeries>
<indication/>
<seriesDose>
<doseNumber>Dose 1</doseNumber>
<age>
<absMinAge>9 years - 4 days</absMinAge>
<minAge>9 years</minAge>
<earliestRecAge>11 years</earliestRecAge>
<latestRecAge>13 years + 4 weeks</latestRecAge>
<maxAge>27 years</maxAge>
<effectiveDate/>
<cessationDate/>
</age>
<interval/>
<allowableInterval/>
<preferableVaccine>
<vaccineType>9vHPV</vaccineType>
<cvx>165</cvx>
<beginAge>9 years</beginAge>
<endAge>46 years</endAge>
<tradeName/>
<mvx/>
<volume>0.5</volume>
<forecastVaccineType>N</forecastVaccineType>
</preferableVaccine>
<allowableVaccine>
<vaccineType>4vHPV</vaccineType>
<cvx>62</cvx>
<beginAge>9 years - 4 days</beginAge>
<endAge/>
</allowableVaccine>
<allowableVaccine>
<vaccineType>2vHPV</vaccineType>
<cvx>118</cvx>
<beginAge>9 years - 4 days</beginAge>
<endAge/>
</allowableVaccine>
<allowableVaccine>
<vaccineType>HPV Unspecified</vaccineType>
<cvx>137</cvx>
<beginAge>9 years - 4 days</beginAge>
<endAge/>
</allowableVaccine>
<allowableVaccine>
<vaccineType>9vHPV</vaccineType>
<cvx>165</cvx>
<beginAge>9 years - 4 days</beginAge>
<endAge/>
</allowableVaccine>
<inadvertentVaccine/>
<conditionalSkip/>
<recurringDose>No</recurringDose>
<seasonalRecommendation/>
</seriesDose>
<seriesDose>
<doseNumber>Dose 2</doseNumber>
<age>
<absMinAge/>
<minAge/>
<earliestRecAge/>
<latestRecAge/>
<maxAge>27 years</maxAge>
<effectiveDate/>
<cessationDate/>
</age>
<interval>
<fromPrevious>Y</fromPrevious>
<fromTargetDose/>
<fromMostRecent/>
<fromRelevantObs/>
<absMinInt>4 weeks - 4 days</absMinInt>
<minInt>5 months</minInt>
<earliestRecInt>6 months</earliestRecInt>
<latestRecInt>13 months + 4 weeks</latestRecInt>
<intervalPriority/>
<effectiveDate/>
<cessationDate/>
</interval>
<allowableInterval/>
<preferableVaccine>
<vaccineType>9vHPV</vaccineType>
<cvx>165</cvx>
<beginAge>9 years</beginAge>
<endAge>46 years</endAge>
<tradeName/>
<mvx/>
<volume>0.5</volume>
<forecastVaccineType>N</forecastVaccineType>
</preferableVaccine>
<allowableVaccine>
<vaccineType>4vHPV</vaccineType>
<cvx>62</cvx>
<beginAge>9 years - 4 days</beginAge>
<endAge/>
</allowableVaccine>
<allowableVaccine>
<vaccineType>2vHPV</vaccineType>
<cvx>118</cvx>
<beginAge>9 years - 4 days</beginAge>
<endAge/>
</allowableVaccine>
<allowableVaccine>
<vaccineType>HPV Unspecified</vaccineType>
<cvx>137</cvx>
<beginAge>9 years - 4 days</beginAge>
<endAge/>
</allowableVaccine>
<allowableVaccine>
<vaccineType>9vHPV</vaccineType>
<cvx>165</cvx>
<beginAge>9 years - 4 days</beginAge>
<endAge/>
</allowableVaccine>
<inadvertentVaccine/>
<conditionalSkip>
<context>Evaluation</context>
<setLogic>n/a</setLogic>
<set>
<setID>1</setID>
<setDescription>Target Dose is not required if current dose was administered at least 5 months - 4 days from the previous dose OR two total doses have already been administered</setDescription>
<effectiveDate/>
<cessationDate/>
<conditionLogic>OR</conditionLogic>
<condition>
<conditionID>1</conditionID>
<conditionType>Interval</conditionType>
<startDate/>
<endDate/>
<beginAge/>
<endAge/>
<interval>5 months - 4 days</interval>
<doseCount/>
<doseType/>
<doseCountLogic/>
<vaccineTypes/>
<seriesGroups/>
</condition>
<condition>
<conditionID>2</conditionID>
<conditionType>Vaccine Count by Age</conditionType>
<startDate/>
<endDate/>
<beginAge>9 years - 4 days</beginAge>
<endAge/>
<interval/>
<doseCount>1</doseCount>
<doseType>Total</doseType>
<doseCountLogic>greater than</doseCountLogic>
<vaccineTypes>62;118;137;165</vaccineTypes>
<seriesGroups/>
</condition>
</set>
</conditionalSkip>
<conditionalSkip>
<context>Forecast</context>
<setLogic>n/a</setLogic>
<set>
<setID>2</setID>
<setDescription>Dose is not required once 5 months has passed since dose 1 or two total doses have already been administered.</setDescription>
<effectiveDate/>
<cessationDate/>
<conditionLogic>OR</conditionLogic>
<condition>
<conditionID>1</conditionID>
<conditionType>Interval</conditionType>
<startDate/>
<endDate/>
<beginAge/>
<endAge/>
<interval>5 months</interval>
<doseCount/>
<doseType/>
<doseCountLogic/>
<vaccineTypes/>
<seriesGroups/>
</condition>
<condition>
<conditionID>2</conditionID>
<conditionType>Vaccine Count by Age</conditionType>
<startDate/>
<endDate/>
<beginAge>9 years - 4 days</beginAge>
<endAge/>
<interval/>
<doseCount>1</doseCount>
<doseType>Total</doseType>
<doseCountLogic>greater than</doseCountLogic>
<vaccineTypes>62;118;137;165</vaccineTypes>
<seriesGroups/>
</condition>
</set>
</conditionalSkip>
<recurringDose>No</recurringDose>
<seasonalRecommendation/>
</seriesDose>
<seriesDose>
<doseNumber>Dose 3</doseNumber>
<age>
<absMinAge/>
<minAge/>
<earliestRecAge/>
<latestRecAge/>
<maxAge>27 years</maxAge>
<effectiveDate/>
<cessationDate/>
</age>
<interval>
<fromPrevious>N</fromPrevious>
<fromTargetDose>1</fromTargetDose>
<fromMostRecent/>
<fromRelevantObs/>
<absMinInt>5 months - 4 days</absMinInt>
<minInt>5 months</minInt>
<earliestRecInt>6 months</earliestRecInt>
<latestRecInt>13 months + 4 weeks</latestRecInt>
<intervalPriority/>
<effectiveDate/>
<cessationDate/>
</interval>
<interval>
<fromPrevious>Y</fromPrevious>
<fromTargetDose/>
<fromMostRecent/>
<fromRelevantObs/>
<absMinInt>12 weeks - 4 days</absMinInt>
<minInt>12 weeks</minInt>
<earliestRecInt/>
<latestRecInt/>
<intervalPriority/>
<effectiveDate/>
<cessationDate/>
</interval>
<allowableInterval/>
<preferableVaccine>
<vaccineType>9vHPV</vaccineType>
<cvx>165</cvx>
<beginAge>9 years</beginAge>
<endAge>46 years</endAge>
<tradeName/>
<mvx/>
<volume>0.5</volume>
<forecastVaccineType>N</forecastVaccineType>
</preferableVaccine>
<allowableVaccine>
<vaccineType>4vHPV</vaccineType>
<cvx>62</cvx>
<beginAge>9 years - 4 days</beginAge>
<endAge/>
</allowableVaccine>
<allowableVaccine>
<vaccineType>2vHPV</vaccineType>
<cvx>118</cvx>
<beginAge>9 years - 4 days</beginAge>
<endAge/>
</allowableVaccine>
<allowableVaccine>
<vaccineType>HPV Unspecified</vaccineType>
<cvx>137</cvx>
<beginAge>9 years - 4 days</beginAge>
<endAge/>
</allowableVaccine>
<allowableVaccine>
<vaccineType>9vHPV</vaccineType>
<cvx>165</cvx>
<beginAge>9 years - 4 days</beginAge>
<endAge/>
</allowableVaccine>
<inadvertentVaccine/>
<conditionalSkip/>
<recurringDose>No</recurringDose>
<seasonalRecommendation/>
</seriesDose>
</series>
<series>
<seriesName>HPV 3-dose series</seriesName>
<targetDisease>HPV</targetDisease>
<vaccineGroup>HPV</vaccineGroup>
<seriesAdminGuidance/>
<seriesType>Standard</seriesType>
<equivalentSeriesGroups>2</equivalentSeriesGroups>
<requiredGender>Female</requiredGender>
<requiredGender>Transgender</requiredGender>
<requiredGender>Unknown</requiredGender>
<selectSeries>
<defaultSeries>No</defaultSeries>
<productPath>No</productPath>
<seriesGroupName>Standard</seriesGroupName>
<seriesGroup>1</seriesGroup>
<seriesPriority>A</seriesPriority>
<seriesPreference>2</seriesPreference>
<minAgeToStart>15 years</minAgeToStart>
<maxAgeToStart/>
</selectSeries>
<indication/>
<seriesDose>
<doseNumber>Dose 1</doseNumber>
<age>
<absMinAge>9 years - 4 days</absMinAge>
<minAge>9 years</minAge>
<earliestRecAge>11 years</earliestRecAge>
<latestRecAge>13 years + 4 weeks</latestRecAge>
<maxAge>27 years</maxAge>
<effectiveDate/>
<cessationDate>20161215</cessationDate>
</age>
<age>
<absMinAge>15 years</absMinAge>
<minAge>15 years</minAge>
<earliestRecAge>15 years</earliestRecAge>
<latestRecAge>15 years</latestRecAge>
<maxAge>27 years</maxAge>
<effectiveDate>20161216</effectiveDate>
<cessationDate/>
</age>
<interval/>
<allowableInterval/>
<preferableVaccine>
<vaccineType>9vHPV</vaccineType>
<cvx>165</cvx>
<beginAge>9 years</beginAge>
<endAge>46 years</endAge>
<tradeName/>
<mvx/>
<volume>0.5</volume>
<forecastVaccineType>N</forecastVaccineType>
</preferableVaccine>
<allowableVaccine>
<vaccineType>4vHPV</vaccineType>
<cvx>62</cvx>
<beginAge>9 years - 4 days</beginAge>
<endAge/>
</allowableVaccine>
<allowableVaccine>
<vaccineType>2vHPV</vaccineType>
<cvx>118</cvx>
<beginAge>9 years - 4 days</beginAge>
<endAge/>
</allowableVaccine>
<allowableVaccine>
<vaccineType>HPV Unspecified</vaccineType>
<cvx>137</cvx>
<beginAge>9 years - 4 days</beginAge>
<endAge/>
</allowableVaccine>
<allowableVaccine>
<vaccineType>9vHPV</vaccineType>
<cvx>165</cvx>
<beginAge>9 years - 4 days</beginAge>
<endAge/>
</allowableVaccine>
<inadvertentVaccine/>
<conditionalSkip/>
<recurringDose>No</recurringDose>
<seasonalRecommendation/>
</seriesDose>
<seriesDose>
<doseNumber>Dose 2</doseNumber>
<age>
<absMinAge/>
<minAge/>
<earliestRecAge/>
<latestRecAge/>
<maxAge>27 years</maxAge>
<effectiveDate/>
<cessationDate/>
</age>
<interval>
<fromPrevious>Y</fromPrevious>
<fromTargetDose/>
<fromMostRecent/>
<fromRelevantObs/>
<absMinInt>4 weeks - 4 days</absMinInt>
<minInt>4 weeks</minInt>
<earliestRecInt>4 weeks</earliestRecInt>
<latestRecInt>16 weeks</latestRecInt>
<intervalPriority/>
<effectiveDate/>
<cessationDate/>
</interval>
<allowableInterval/>
<preferableVaccine>
<vaccineType>9vHPV</vaccineType>
<cvx>165</cvx>
<beginAge>9 years</beginAge>
<endAge>46 years</endAge>
<tradeName/>
<mvx/>
<volume>0.5</volume>
<forecastVaccineType>N</forecastVaccineType>
</preferableVaccine>
<allowableVaccine>
<vaccineType>4vHPV</vaccineType>
<cvx>62</cvx>
<beginAge>9 years - 4 days</beginAge>
<endAge/>
</allowableVaccine>
<allowableVaccine>
<vaccineType>2vHPV</vaccineType>
<cvx>118</cvx>
<beginAge>9 years - 4 days</beginAge>
<endAge/>
</allowableVaccine>
<allowableVaccine>
<vaccineType>HPV Unspecified</vaccineType>
<cvx>137</cvx>
<beginAge>9 years - 4 days</beginAge>
<endAge/>
</allowableVaccine>
<allowableVaccine>
<vaccineType>9vHPV</vaccineType>
<cvx>165</cvx>
<beginAge>9 years - 4 days</beginAge>
<endAge/>
</allowableVaccine>
<inadvertentVaccine/>
<conditionalSkip/>
<recurringDose>No</recurringDose>
<seasonalRecommendation/>
</seriesDose>
<seriesDose>
<doseNumber>Dose 3</doseNumber>
<age>
<absMinAge/>
<minAge/>
<earliestRecAge/>
<latestRecAge/>
<maxAge>27 years</maxAge>
<effectiveDate/>
<cessationDate/>
</age>
<interval>
<fromPrevious>N</fromPrevious>
<fromTargetDose>1</fromTargetDose>
<fromMostRecent/>
<fromRelevantObs/>
<absMinInt>16 weeks - 4 days</absMinInt>
<minInt>5 months</minInt>
<earliestRecInt>6 months</earliestRecInt>
<latestRecInt>7 months + 4 weeks</latestRecInt>
<intervalPriority/>
<effectiveDate/>
<cessationDate>20161215</cessationDate>
</interval>
<interval>
<fromPrevious>N</fromPrevious>
<fromTargetDose>1</fromTargetDose>
<fromMostRecent/>
<fromRelevantObs/>
<absMinInt>5 months - 4 days</absMinInt>
<minInt>5 months</minInt>
<earliestRecInt>6 months</earliestRecInt>
<latestRecInt>7 months + 4 weeks</latestRecInt>
<intervalPriority/>
<effectiveDate>20161216</effectiveDate>
<cessationDate/>
</interval>
<interval>
<fromPrevious>Y</fromPrevious>
<fromTargetDose/>
<fromMostRecent/>
<fromRelevantObs/>
<absMinInt>12 weeks - 4 days</absMinInt>
<minInt>12 weeks</minInt>
<earliestRecInt>4 months</earliestRecInt>
<latestRecInt>5 months + 4 weeks</latestRecInt>
<intervalPriority/>
<effectiveDate/>
<cessationDate/>
</interval>
<allowableInterval/>
<preferableVaccine>
<vaccineType>9vHPV</vaccineType>
<cvx>165</cvx>
<beginAge>9 years</beginAge>
<endAge>46 years</endAge>
<tradeName/>
<mvx/>
<volume>0.5</volume>
<forecastVaccineType>N</forecastVaccineType>
</preferableVaccine>
<allowableVaccine>
<vaccineType>4vHPV</vaccineType>
<cvx>62</cvx>
<beginAge>9 years - 4 days</beginAge>
<endAge/>
</allowableVaccine>
<allowableVaccine>
<vaccineType>2vHPV</vaccineType>
<cvx>118</cvx>
<beginAge>9 years - 4 days</beginAge>
<endAge/>
</allowableVaccine>
<allowableVaccine>
<vaccineType>HPV Unspecified</vaccineType>
<cvx>137</cvx>
<beginAge>9 years - 4 days</beginAge>
<endAge/>
</allowableVaccine>
<allowableVaccine>
<vaccineType>9vHPV</vaccineType>
<cvx>165</cvx>
<beginAge>9 years - 4 days</beginAge>
<endAge/>
</allowableVaccine>
<inadvertentVaccine/>
<conditionalSkip/>
<recurringDose>No</recurringDose>
<seasonalRecommendation/>
</seriesDose>
</series>
<series>
<seriesName>HPV male 2-dose series</seriesName>
<targetDisease>HPV</targetDisease>
<vaccineGroup>HPV</vaccineGroup>
<seriesAdminGuidance/>
<seriesType>Standard</seriesType>
<equivalentSeriesGroups>2</equivalentSeriesGroups>
<requiredGender>Male</requiredGender>
<selectSeries>
<defaultSeries>Yes</defaultSeries>
<productPath>No</productPath>
<seriesGroupName>Standard</seriesGroupName>
<seriesGroup>1</seriesGroup>
<seriesPriority>A</seriesPriority>
<seriesPreference>1</seriesPreference>
<minAgeToStart/>
<maxAgeToStart>15 years</maxAgeToStart>
</selectSeries>
<indication/>
<seriesDose>
<doseNumber>Dose 1</doseNumber>
<age>
<absMinAge>9 years - 4 days</absMinAge>
<minAge>9 years</minAge>
<earliestRecAge>11 years</earliestRecAge>
<latestRecAge>13 years + 4 weeks</latestRecAge>
<maxAge>27 years</maxAge>
<effectiveDate/>
<cessationDate/>
</age>
<interval/>
<allowableInterval/>
<preferableVaccine>
<vaccineType>9vHPV</vaccineType>
<cvx>165</cvx>
<beginAge>9 years</beginAge>
<endAge>46 years</endAge>
<tradeName/>
<mvx/>
<volume>0.5</volume>
<forecastVaccineType>N</forecastVaccineType>
</preferableVaccine>
<allowableVaccine>
<vaccineType>4vHPV</vaccineType>
<cvx>62</cvx>
<beginAge>9 years - 4 days</beginAge>
<endAge/>
</allowableVaccine>
<allowableVaccine>
<vaccineType>HPV Unspecified</vaccineType>
<cvx>137</cvx>
<beginAge>9 years - 4 days</beginAge>
<endAge/>
</allowableVaccine>
<allowableVaccine>
<vaccineType>9vHPV</vaccineType>
<cvx>165</cvx>
<beginAge>9 years - 4 days</beginAge>
<endAge/>
</allowableVaccine>
<inadvertentVaccine>
<vaccineType>2vHPV</vaccineType>
<cvx>118</cvx>
</inadvertentVaccine>
<conditionalSkip/>
<recurringDose>No</recurringDose>
<seasonalRecommendation/>
</seriesDose>
<seriesDose>
<doseNumber>Dose 2</doseNumber>
<age>
<absMinAge/>
<minAge/>
<earliestRecAge/>
<latestRecAge/>
<maxAge>27 years</maxAge>
<effectiveDate/>
<cessationDate/>
</age>
<interval>
<fromPrevious>Y</fromPrevious>
<fromTargetDose/>
<fromMostRecent/>
<fromRelevantObs/>
<absMinInt>4 weeks - 4 days</absMinInt>
<minInt>5 months</minInt>
<earliestRecInt>6 months</earliestRecInt>
<latestRecInt>13 months + 4 weeks</latestRecInt>
<intervalPriority/>
<effectiveDate/>
<cessationDate/>
</interval>
<allowableInterval/>
<preferableVaccine>
<vaccineType>9vHPV</vaccineType>
<cvx>165</cvx>
<beginAge>9 years</beginAge>
<endAge>46 years</endAge>
<tradeName/>
<mvx/>
<volume>0.5</volume>
<forecastVaccineType>N</forecastVaccineType>
</preferableVaccine>
<allowableVaccine>
<vaccineType>4vHPV</vaccineType>
<cvx>62</cvx>
<beginAge>9 years - 4 days</beginAge>
<endAge/>
</allowableVaccine>
<allowableVaccine>
<vaccineType>HPV Unspecified</vaccineType>
<cvx>137</cvx>
<beginAge>9 years - 4 days</beginAge>
<endAge/>
</allowableVaccine>
<allowableVaccine>
<vaccineType>9vHPV</vaccineType>
<cvx>165</cvx>
<beginAge>9 years - 4 days</beginAge>
<endAge/>
</allowableVaccine>
<inadvertentVaccine>
<vaccineType>2vHPV</vaccineType>
<cvx>118</cvx>
</inadvertentVaccine>
<conditionalSkip>
<context>Evaluation</context>
<setLogic>n/a</setLogic>
<set>
<setID>1</setID>
<setDescription>Target Dose is not required if current dose was administered at least 5 months - 4 das from the previous dose OR two total doses have already been administered</setDescription>
<effectiveDate/>
<cessationDate/>
<conditionLogic>OR</conditionLogic>
<condition>
<conditionID>1</conditionID>
<conditionType>Interval</conditionType>
<startDate/>
<endDate/>
<beginAge/>
<endAge/>
<interval>5 months - 4 days</interval>
<doseCount/>
<doseType/>
<doseCountLogic/>
<vaccineTypes/>
<seriesGroups/>
</condition>
<condition>
<conditionID>2</conditionID>
<conditionType>Vaccine Count by Age</conditionType>
<startDate/>
<endDate/>
<beginAge>9 years - 4 days</beginAge>
<endAge/>
<interval/>
<doseCount>1</doseCount>
<doseType>Total</doseType>
<doseCountLogic>greater than</doseCountLogic>
<vaccineTypes>62;118;137;165</vaccineTypes>
<seriesGroups/>
</condition>
</set>
</conditionalSkip>
<conditionalSkip>
<context>Forecast</context>
<setLogic>n/a</setLogic>
<set>
<setID>2</setID>
<setDescription>Dose is not required once 5 months has passed since dose 1 or two total doses have already been administered.</setDescription>
<effectiveDate/>
<cessationDate/>
<conditionLogic>OR</conditionLogic>
<condition>
<conditionID>1</conditionID>
<conditionType>Interval</conditionType>
<startDate/>
<endDate/>
<beginAge/>
<endAge/>
<interval>5 months</interval>
<doseCount/>
<doseType/>
<doseCountLogic/>
<vaccineTypes/>
<seriesGroups/>
</condition>
<condition>
<conditionID>2</conditionID>
<conditionType>Vaccine Count by Age</conditionType>
<startDate/>
<endDate/>
<beginAge>9 years - 4 days</beginAge>
<endAge/>
<interval/>
<doseCount>1</doseCount>
<doseType>Total</doseType>
<doseCountLogic>greater than</doseCountLogic>
<vaccineTypes>62;118;137;165</vaccineTypes>
<seriesGroups/>
</condition>
</set>
</conditionalSkip>
<recurringDose>No</recurringDose>
<seasonalRecommendation/>
</seriesDose>
<seriesDose>
<doseNumber>Dose 3</doseNumber>
<age>
<absMinAge/>
<minAge/>
<earliestRecAge/>
<latestRecAge/>
<maxAge>27 years</maxAge>
<effectiveDate/>
<cessationDate/>
</age>
<interval>
<fromPrevious>N</fromPrevious>
<fromTargetDose>1</fromTargetDose>
<fromMostRecent/>
<fromRelevantObs/>
<absMinInt>5 months - 4 days</absMinInt>
<minInt>5 months</minInt>
<earliestRecInt>6 months</earliestRecInt>
<latestRecInt>13 months + 4 weeks</latestRecInt>
<intervalPriority/>
<effectiveDate/>
<cessationDate/>
</interval>
<interval>
<fromPrevious>Y</fromPrevious>
<fromTargetDose/>
<fromMostRecent/>
<fromRelevantObs/>
<absMinInt>12 weeks - 4 days</absMinInt>
<minInt>12 weeks</minInt>
<earliestRecInt/>
<latestRecInt/>
<intervalPriority/>
<effectiveDate/>
<cessationDate/>
</interval>
<allowableInterval/>
<preferableVaccine>
<vaccineType>9vHPV</vaccineType>
<cvx>165</cvx>
<beginAge>9 years</beginAge>
<endAge>46 years</endAge>
<tradeName/>
<mvx/>
<volume>0.5</volume>
<forecastVaccineType>N</forecastVaccineType>
</preferableVaccine>
<allowableVaccine>
<vaccineType>4vHPV</vaccineType>
<cvx>62</cvx>
<beginAge>9 years - 4 days</beginAge>
<endAge/>
</allowableVaccine>
<allowableVaccine>
<vaccineType>HPV Unspecified</vaccineType>
<cvx>137</cvx>
<beginAge>9 years - 4 days</beginAge>
<endAge/>
</allowableVaccine>
<allowableVaccine>
<vaccineType>9vHPV</vaccineType>
<cvx>165</cvx>
<beginAge>9 years - 4 days</beginAge>
<endAge/>
</allowableVaccine>
<inadvertentVaccine>
<vaccineType>2vHPV</vaccineType>
<cvx>118</cvx>
</inadvertentVaccine>
<conditionalSkip/>
<recurringDose>No</recurringDose>
<seasonalRecommendation/>
</seriesDose>
</series>
<series>
<seriesName>HPV male 3-dose series</seriesName>
<targetDisease>HPV</targetDisease>
<vaccineGroup>HPV</vaccineGroup>
<seriesAdminGuidance/>
<seriesType>Standard</seriesType>
<equivalentSeriesGroups>2</equivalentSeriesGroups>
<requiredGender>Male</requiredGender>
<selectSeries>
<defaultSeries>No</defaultSeries>
<productPath>No</productPath>
<seriesGroupName>Standard</seriesGroupName>
<seriesGroup>1</seriesGroup>
<seriesPriority>A</seriesPriority>
<seriesPreference>2</seriesPreference>
<minAgeToStart>15 years</minAgeToStart>
<maxAgeToStart/>
</selectSeries>
<indication/>
<seriesDose>
<doseNumber>Dose 1</doseNumber>
<age>
<absMinAge>9 years - 4 days</absMinAge>
<minAge>9 years</minAge>
<earliestRecAge>11 years</earliestRecAge>
<latestRecAge>13 years + 4 weeks</latestRecAge>
<maxAge>27 years</maxAge>
<effectiveDate/>
<cessationDate>20161215</cessationDate>
</age>
<age>
<absMinAge>15 years</absMinAge>
<minAge>15 years</minAge>
<earliestRecAge>15 years</earliestRecAge>
<latestRecAge>15 years</latestRecAge>
<maxAge>27 years</maxAge>
<effectiveDate>20161216</effectiveDate>
<cessationDate/>
</age>
<interval/>
<allowableInterval/>
<preferableVaccine>
<vaccineType>9vHPV</vaccineType>
<cvx>165</cvx>
<beginAge>9 years</beginAge>
<endAge>46 years</endAge>
<tradeName/>
<mvx/>
<volume>0.5</volume>
<forecastVaccineType>N</forecastVaccineType>
</preferableVaccine>
<allowableVaccine>
<vaccineType>4vHPV</vaccineType>
<cvx>62</cvx>
<beginAge>9 years - 4 days</beginAge>
<endAge/>
</allowableVaccine>
<allowableVaccine>
<vaccineType>HPV Unspecified</vaccineType>
<cvx>137</cvx>
<beginAge>9 years - 4 days</beginAge>
<endAge/>
</allowableVaccine>
<allowableVaccine>
<vaccineType>9vHPV</vaccineType>
<cvx>165</cvx>
<beginAge>9 years - 4 days</beginAge>
<endAge/>
</allowableVaccine>
<inadvertentVaccine>
<vaccineType>2vHPV</vaccineType>
<cvx>118</cvx>
</inadvertentVaccine>
<conditionalSkip/>
<recurringDose>No</recurringDose>
<seasonalRecommendation/>
</seriesDose>
<seriesDose>
<doseNumber>Dose 2</doseNumber>
<age>
<absMinAge/>
<minAge/>
<earliestRecAge/>
<latestRecAge/>
<maxAge>27 years</maxAge>
<effectiveDate/>
<cessationDate/>
</age>
<interval>
<fromPrevious>Y</fromPrevious>
<fromTargetDose/>
<fromMostRecent/>
<fromRelevantObs/>
<absMinInt>4 weeks - 4 days</absMinInt>
<minInt>4 weeks</minInt>
<earliestRecInt>4 weeks</earliestRecInt>
<latestRecInt>16 weeks</latestRecInt>
<intervalPriority/>
<effectiveDate/>
<cessationDate/>
</interval>
<allowableInterval/>
<preferableVaccine>
<vaccineType>9vHPV</vaccineType>
<cvx>165</cvx>
<beginAge>9 years</beginAge>
<endAge>46 years</endAge>
<tradeName/>
<mvx/>
<volume>0.5</volume>
<forecastVaccineType>N</forecastVaccineType>
</preferableVaccine>
<allowableVaccine>
<vaccineType>4vHPV</vaccineType>
<cvx>62</cvx>
<beginAge>9 years - 4 days</beginAge>
<endAge/>
</allowableVaccine>
<allowableVaccine>
<vaccineType>HPV Unspecified</vaccineType>
<cvx>137</cvx>
<beginAge>9 years - 4 days</beginAge>
<endAge/>
</allowableVaccine>
<allowableVaccine>
<vaccineType>9vHPV</vaccineType>
<cvx>165</cvx>
<beginAge>9 years - 4 days</beginAge>
<endAge/>
</allowableVaccine>
<inadvertentVaccine>
<vaccineType>2vHPV</vaccineType>
<cvx>118</cvx>
</inadvertentVaccine>
<conditionalSkip/>
<recurringDose>No</recurringDose>
<seasonalRecommendation/>
</seriesDose>
<seriesDose>
<doseNumber>Dose 3</doseNumber>
<age>
<absMinAge/>
<minAge/>
<earliestRecAge/>
<latestRecAge/>
<maxAge>27 years</maxAge>
<effectiveDate/>
<cessationDate/>
</age>
<interval>
<fromPrevious>N</fromPrevious>
<fromTargetDose>1</fromTargetDose>
<fromMostRecent/>
<fromRelevantObs/>
<absMinInt>16 weeks - 4 days</absMinInt>
<minInt>5 months</minInt>
<earliestRecInt>6 months</earliestRecInt>
<latestRecInt>7 months + 4 weeks</latestRecInt>
<intervalPriority/>
<effectiveDate/>
<cessationDate>20161215</cessationDate>
</interval>
<interval>
<fromPrevious>N</fromPrevious>
<fromTargetDose>1</fromTargetDose>
<fromMostRecent/>
<fromRelevantObs/>
<absMinInt>5 months - 4 days</absMinInt>
<minInt>5 months</minInt>
<earliestRecInt>6 months</earliestRecInt>
<latestRecInt>7 months + 4 weeks</latestRecInt>
<intervalPriority/>
<effectiveDate>20161216</effectiveDate>
<cessationDate/>
</interval>
<interval>
<fromPrevious>Y</fromPrevious>
<fromTargetDose/>
<fromMostRecent/>
<fromRelevantObs/>
<absMinInt>12 weeks - 4 days</absMinInt>
<minInt>12 weeks</minInt>
<earliestRecInt>4 months</earliestRecInt>
<latestRecInt>5 months + 4 weeks</latestRecInt>
<intervalPriority/>
<effectiveDate/>
<cessationDate/>
</interval>
<allowableInterval/>
<preferableVaccine>
<vaccineType>9vHPV</vaccineType>
<cvx>165</cvx>
<beginAge>9 years</beginAge>
<endAge>46 years</endAge>
<tradeName/>
<mvx/>
<volume>0.5</volume>
<forecastVaccineType>N</forecastVaccineType>
</preferableVaccine>
<allowableVaccine>
<vaccineType>4vHPV</vaccineType>
<cvx>62</cvx>
<beginAge>9 years - 4 days</beginAge>
<endAge/>
</allowableVaccine>
<allowableVaccine>
<vaccineType>HPV Unspecified</vaccineType>
<cvx>137</cvx>
<beginAge>9 years - 4 days</beginAge>
<endAge/>
</allowableVaccine>
<allowableVaccine>
<vaccineType>9vHPV</vaccineType>
<cvx>165</cvx>
<beginAge>9 years - 4 days</beginAge>
<endAge/>
</allowableVaccine>
<inadvertentVaccine>
<vaccineType>2vHPV</vaccineType>
<cvx>118</cvx>
</inadvertentVaccine>
<conditionalSkip/>
<recurringDose>No</recurringDose>
<seasonalRecommendation/>
</seriesDose>
</series>
<series>
<seriesName>HPV risk 2-dose series</seriesName>
<targetDisease>HPV</targetDisease>
<vaccineGroup>HPV</vaccineGroup>
<seriesAdminGuidance/>
<seriesType>Risk</seriesType>
<equivalentSeriesGroups>1</equivalentSeriesGroups>
<requiredGender>Female</requiredGender>
<requiredGender>Transgender</requiredGender>
<requiredGender>Unknown</requiredGender>
<selectSeries>
<defaultSeries>No</defaultSeries>
<productPath>No</productPath>
<seriesGroupName>Increased Risk</seriesGroupName>
<seriesGroup>2</seriesGroup>
<seriesPriority>A</seriesPriority>
<seriesPreference>1</seriesPreference>
<minAgeToStart>0 days</minAgeToStart>
<maxAgeToStart>11 years</maxAgeToStart>
</selectSeries>
<indication>
<observationCode>
<text>History of sexual abuse or assault</text>
<code>169</code>
</observationCode>
<description>Administer to persons who have a history of sexual abuse or assault.</description>
<beginAge>0 days</beginAge>
<endAge>11 years</endAge>
<guidance/>
</indication>
<seriesDose>
<doseNumber>Dose 1</doseNumber>
<age>
<absMinAge>9 years - 4 days</absMinAge>
<minAge>9 years</minAge>
<earliestRecAge>9 years</earliestRecAge>
<latestRecAge>11 years</latestRecAge>
<maxAge>27 years</maxAge>
<effectiveDate/>
<cessationDate/>
</age>
<interval/>
<allowableInterval/>
<preferableVaccine>
<vaccineType>9vHPV</vaccineType>
<cvx>165</cvx>
<beginAge>9 years</beginAge>
<endAge>46 years</endAge>
<tradeName/>
<mvx/>
<volume>0.5</volume>
<forecastVaccineType>N</forecastVaccineType>
</preferableVaccine>
<allowableVaccine>
<vaccineType>4vHPV</vaccineType>
<cvx>62</cvx>
<beginAge>9 years - 4 days</beginAge>
<endAge/>
</allowableVaccine>
<allowableVaccine>
<vaccineType>2vHPV</vaccineType>
<cvx>118</cvx>
<beginAge>9 years - 4 days</beginAge>
<endAge/>
</allowableVaccine>
<allowableVaccine>
<vaccineType>HPV Unspecified</vaccineType>
<cvx>137</cvx>
<beginAge>9 years - 4 days</beginAge>
<endAge/>
</allowableVaccine>
<allowableVaccine>
<vaccineType>9vHPV</vaccineType>
<cvx>165</cvx>
<beginAge>9 years - 4 days</beginAge>
<endAge/>
</allowableVaccine>
<inadvertentVaccine/>
<conditionalSkip/>
<recurringDose>No</recurringDose>
<seasonalRecommendation/>
</seriesDose>
<seriesDose>
<doseNumber>Dose 2</doseNumber>
<age>
<absMinAge/>
<minAge/>
<earliestRecAge/>
<latestRecAge/>
<maxAge>27 years</maxAge>
<effectiveDate/>
<cessationDate/>
</age>
<interval>
<fromPrevious>Y</fromPrevious>
<fromTargetDose/>
<fromMostRecent/>
<fromRelevantObs/>
<absMinInt>4 weeks - 4 days</absMinInt>
<minInt>5 months</minInt>
<earliestRecInt>6 months</earliestRecInt>
<latestRecInt>13 months + 4 weeks</latestRecInt>
<intervalPriority/>
<effectiveDate/>
<cessationDate/>
</interval>
<allowableInterval/>
<preferableVaccine>
<vaccineType>9vHPV</vaccineType>
<cvx>165</cvx>
<beginAge>9 years</beginAge>
<endAge>46 years</endAge>
<tradeName/>
<mvx/>
<volume>0.5</volume>
<forecastVaccineType>N</forecastVaccineType>
</preferableVaccine>
<allowableVaccine>
<vaccineType>4vHPV</vaccineType>
<cvx>62</cvx>
<beginAge>9 years - 4 days</beginAge>
<endAge/>
</allowableVaccine>
<allowableVaccine>
<vaccineType>2vHPV</vaccineType>
<cvx>118</cvx>
<beginAge>9 years - 4 days</beginAge>
<endAge/>
</allowableVaccine>
<allowableVaccine>
<vaccineType>HPV Unspecified</vaccineType>
<cvx>137</cvx>
<beginAge>9 years - 4 days</beginAge>
<endAge/>
</allowableVaccine>
<allowableVaccine>
<vaccineType>9vHPV</vaccineType>
<cvx>165</cvx>
<beginAge>9 years - 4 days</beginAge>
<endAge/>
</allowableVaccine>
<inadvertentVaccine/>
<conditionalSkip>
<context>Evaluation</context>
<setLogic>n/a</setLogic>
<set>
<setID>1</setID>
<setDescription>Target Dose is not required if current dose was administered at least 5 months - 4 das from the previous dose OR two total doses have already been administered</setDescription>
<effectiveDate/>
<cessationDate/>
<conditionLogic>OR</conditionLogic>
<condition>
<conditionID>1</conditionID>
<conditionType>Interval</conditionType>
<startDate/>
<endDate/>
<beginAge/>
<endAge/>
<interval>5 months - 4 days</interval>
<doseCount/>
<doseType/>
<doseCountLogic/>
<vaccineTypes/>
<seriesGroups/>
</condition>
<condition>
<conditionID>2</conditionID>
<conditionType>Vaccine Count by Age</conditionType>
<startDate/>
<endDate/>
<beginAge>9 years - 4 days</beginAge>
<endAge/>
<interval/>
<doseCount>1</doseCount>
<doseType>Total</doseType>
<doseCountLogic>greater than</doseCountLogic>
<vaccineTypes>62;118;137;165</vaccineTypes>
<seriesGroups/>
</condition>
</set>
</conditionalSkip>
<conditionalSkip>
<context>Forecast</context>
<setLogic>n/a</setLogic>
<set>
<setID>2</setID>
<setDescription>Dose is not required once 5 months has passed since dose 1 or two total doses have already been administered.</setDescription>
<effectiveDate/>
<cessationDate/>
<conditionLogic>OR</conditionLogic>
<condition>
<conditionID>1</conditionID>
<conditionType>Interval</conditionType>
<startDate/>
<endDate/>
<beginAge/>
<endAge/>
<interval>5 months</interval>
<doseCount/>
<doseType/>
<doseCountLogic/>
<vaccineTypes/>
<seriesGroups/>
</condition>
<condition>
<conditionID>2</conditionID>
<conditionType>Vaccine Count by Age</conditionType>
<startDate/>
<endDate/>
<beginAge>9 years - 4 days</beginAge>
<endAge/>
<interval/>
<doseCount>1</doseCount>
<doseType>Total</doseType>
<doseCountLogic>greater than</doseCountLogic>
<vaccineTypes>62;118;137;165</vaccineTypes>
<seriesGroups/>
</condition>
</set>
</conditionalSkip>
<recurringDose>No</recurringDose>
<seasonalRecommendation/>
</seriesDose>
<seriesDose>
<doseNumber>Dose 3</doseNumber>
<age>
<absMinAge/>
<minAge/>
<earliestRecAge/>
<latestRecAge/>
<maxAge>27 years</maxAge>
<effectiveDate/>
<cessationDate/>
</age>
<interval>
<fromPrevious>N</fromPrevious>
<fromTargetDose>1</fromTargetDose>
<fromMostRecent/>
<fromRelevantObs/>
<absMinInt>5 months - 4 days</absMinInt>
<minInt>5 months</minInt>
<earliestRecInt>6 months</earliestRecInt>
<latestRecInt>13 months + 4 weeks</latestRecInt>
<intervalPriority/>
<effectiveDate/>
<cessationDate/>
</interval>
<interval>
<fromPrevious>Y</fromPrevious>
<fromTargetDose/>
<fromMostRecent/>
<fromRelevantObs/>
<absMinInt>12 weeks - 4 days</absMinInt>
<minInt>12 weeks</minInt>
<earliestRecInt/>
<latestRecInt/>
<intervalPriority/>
<effectiveDate/>
<cessationDate/>
</interval>
<allowableInterval/>
<preferableVaccine>
<vaccineType>9vHPV</vaccineType>
<cvx>165</cvx>
<beginAge>9 years</beginAge>
<endAge>46 years</endAge>
<tradeName/>
<mvx/>
<volume>0.5</volume>
<forecastVaccineType>N</forecastVaccineType>
</preferableVaccine>
<allowableVaccine>
<vaccineType>4vHPV</vaccineType>
<cvx>62</cvx>
<beginAge>9 years - 4 days</beginAge>
<endAge/>
</allowableVaccine>
<allowableVaccine>
<vaccineType>2vHPV</vaccineType>
<cvx>118</cvx>
<beginAge>9 years - 4 days</beginAge>
<endAge/>
</allowableVaccine>
<allowableVaccine>
<vaccineType>HPV Unspecified</vaccineType>
<cvx>137</cvx>
<beginAge>9 years - 4 days</beginAge>
<endAge/>
</allowableVaccine>
<allowableVaccine>
<vaccineType>9vHPV</vaccineType>
<cvx>165</cvx>
<beginAge>9 years - 4 days</beginAge>
<endAge/>
</allowableVaccine>
<inadvertentVaccine/>
<conditionalSkip/>
<recurringDose>No</recurringDose>
<seasonalRecommendation/>
</seriesDose>
</series>
<series>
<seriesName>HPV risk male 2-dose series</seriesName>
<targetDisease>HPV</targetDisease>
<vaccineGroup>HPV</vaccineGroup>
<seriesAdminGuidance/>
<seriesType>Risk</seriesType>
<equivalentSeriesGroups>1</equivalentSeriesGroups>
<requiredGender>Male</requiredGender>
<selectSeries>
<defaultSeries>No</defaultSeries>
<productPath>No</productPath>
<seriesGroupName>Increased Risk</seriesGroupName>
<seriesGroup>2</seriesGroup>
<seriesPriority>A</seriesPriority>
<seriesPreference>1</seriesPreference>
<minAgeToStart>0 days</minAgeToStart>
<maxAgeToStart>11 years</maxAgeToStart>
</selectSeries>
<indication>
<observationCode>
<text>History of sexual abuse or assault</text>
<code>169</code>
</observationCode>
<description>Administer to persons who have a history of sexual abuse or assault.</description>
<beginAge>0 days</beginAge>
<endAge>11 years</endAge>
<guidance/>
</indication>
<seriesDose>
<doseNumber>Dose 1</doseNumber>
<age>
<absMinAge>9 years - 4 days</absMinAge>
<minAge>9 years</minAge>
<earliestRecAge>9 years</earliestRecAge>
<latestRecAge>11 years</latestRecAge>
<maxAge>27 years</maxAge>
<effectiveDate/>
<cessationDate/>
</age>
<interval/>
<allowableInterval/>
<preferableVaccine>
<vaccineType>9vHPV</vaccineType>
<cvx>165</cvx>
<beginAge>9 years</beginAge>
<endAge>46 years</endAge>
<tradeName/>
<mvx/>
<volume>0.5</volume>
<forecastVaccineType>N</forecastVaccineType>
</preferableVaccine>
<allowableVaccine>
<vaccineType>4vHPV</vaccineType>
<cvx>62</cvx>
<beginAge>9 years - 4 days</beginAge>
<endAge/>
</allowableVaccine>
<allowableVaccine>
<vaccineType>HPV Unspecified</vaccineType>
<cvx>137</cvx>
<beginAge>9 years - 4 days</beginAge>
<endAge/>
</allowableVaccine>
<allowableVaccine>
<vaccineType>9vHPV</vaccineType>
<cvx>165</cvx>
<beginAge>9 years - 4 days</beginAge>
<endAge/>
</allowableVaccine>
<inadvertentVaccine>
<vaccineType>2vHPV</vaccineType>
<cvx>118</cvx>
</inadvertentVaccine>
<conditionalSkip/>
<recurringDose>No</recurringDose>
<seasonalRecommendation/>
</seriesDose>
<seriesDose>
<doseNumber>Dose 2</doseNumber>
<age>
<absMinAge/>
<minAge/>
<earliestRecAge/>
<latestRecAge/>
<maxAge>27 years</maxAge>
<effectiveDate/>
<cessationDate/>
</age>
<interval>
<fromPrevious>Y</fromPrevious>
<fromTargetDose/>
<fromMostRecent/>
<fromRelevantObs/>
<absMinInt>4 weeks - 4 days</absMinInt>
<minInt>5 months</minInt>
<earliestRecInt>6 months</earliestRecInt>
<latestRecInt>13 months + 4 weeks</latestRecInt>
<intervalPriority/>
<effectiveDate/>
<cessationDate/>
</interval>
<allowableInterval/>
<preferableVaccine>
<vaccineType>9vHPV</vaccineType>
<cvx>165</cvx>
<beginAge>9 years</beginAge>
<endAge>46 years</endAge>
<tradeName/>
<mvx/>
<volume>0.5</volume>
<forecastVaccineType>N</forecastVaccineType>
</preferableVaccine>
<allowableVaccine>
<vaccineType>4vHPV</vaccineType>
<cvx>62</cvx>
<beginAge>9 years - 4 days</beginAge>
<endAge/>
</allowableVaccine>
<allowableVaccine>
<vaccineType>HPV Unspecified</vaccineType>
<cvx>137</cvx>
<beginAge>9 years - 4 days</beginAge>
<endAge/>
</allowableVaccine>
<allowableVaccine>
<vaccineType>9vHPV</vaccineType>
<cvx>165</cvx>
<beginAge>9 years - 4 days</beginAge>
<endAge/>
</allowableVaccine>
<inadvertentVaccine>
<vaccineType>2vHPV</vaccineType>
<cvx>118</cvx>
</inadvertentVaccine>
<conditionalSkip>
<context>Evaluation</context>
<setLogic>n/a</setLogic>
<set>
<setID>1</setID>
<setDescription>Target Dose is not required if current dose was administered at least 5 months - 4 das from the previous dose OR two total doses have already been administered</setDescription>
<effectiveDate/>
<cessationDate/>
<conditionLogic>OR</conditionLogic>
<condition>
<conditionID>1</conditionID>
<conditionType>Interval</conditionType>
<startDate/>
<endDate/>
<beginAge/>
<endAge/>
<interval>5 months - 4 days</interval>
<doseCount/>
<doseType/>
<doseCountLogic/>
<vaccineTypes/>
<seriesGroups/>
</condition>
<condition>
<conditionID>2</conditionID>
<conditionType>Vaccine Count by Age</conditionType>
<startDate/>
<endDate/>
<beginAge>9 years - 4 days</beginAge>
<endAge/>
<interval/>
<doseCount>1</doseCount>
<doseType>Total</doseType>
<doseCountLogic>greater than</doseCountLogic>
<vaccineTypes>62;118;137;165</vaccineTypes>
<seriesGroups/>
</condition>
</set>
</conditionalSkip>
<conditionalSkip>
<context>Forecast</context>
<setLogic>n/a</setLogic>
<set>
<setID>2</setID>
<setDescription>Dose is not required once 5 months has passed since dose 1 or two total doses have already been administered.</setDescription>
<effectiveDate/>
<cessationDate/>
<conditionLogic>OR</conditionLogic>
<condition>
<conditionID>1</conditionID>
<conditionType>Interval</conditionType>
<startDate/>
<endDate/>
<beginAge/>
<endAge/>
<interval>5 months</interval>
<doseCount/>
<doseType/>
<doseCountLogic/>
<vaccineTypes/>
<seriesGroups/>
</condition>
<condition>
<conditionID>2</conditionID>
<conditionType>Vaccine Count by Age</conditionType>
<startDate/>
<endDate/>
<beginAge>9 years - 4 days</beginAge>
<endAge/>
<interval/>
<doseCount>1</doseCount>
<doseType>Total</doseType>
<doseCountLogic>greater than</doseCountLogic>
<vaccineTypes>62;118;137;165</vaccineTypes>
<seriesGroups/>
</condition>
</set>
</conditionalSkip>
<recurringDose>No</recurringDose>
<seasonalRecommendation/>
</seriesDose>
<seriesDose>
<doseNumber>Dose 3</doseNumber>
<age>
<absMinAge/>
<minAge/>
<earliestRecAge/>
<latestRecAge/>
<maxAge>27 years</maxAge>
<effectiveDate/>
<cessationDate/>
</age>
<interval>
<fromPrevious>N</fromPrevious>
<fromTargetDose>1</fromTargetDose>
<fromMostRecent/>
<fromRelevantObs/>
<absMinInt>5 months - 4 days</absMinInt>
<minInt>5 months</minInt>
<earliestRecInt>6 months</earliestRecInt>
<latestRecInt>13 months + 4 weeks</latestRecInt>
<intervalPriority/>
<effectiveDate/>
<cessationDate/>
</interval>
<interval>
<fromPrevious>Y</fromPrevious>
<fromTargetDose/>
<fromMostRecent/>
<fromRelevantObs/>
<absMinInt>12 weeks - 4 days</absMinInt>
<minInt>12 weeks</minInt>
<earliestRecInt/>
<latestRecInt/>
<intervalPriority/>
<effectiveDate/>
<cessationDate/>
</interval>
<allowableInterval/>
<preferableVaccine>
<vaccineType>9vHPV</vaccineType>
<cvx>165</cvx>
<beginAge>9 years</beginAge>
<endAge>46 years</endAge>
<tradeName/>
<mvx/>
<volume>0.5</volume>
<forecastVaccineType>N</forecastVaccineType>
</preferableVaccine>
<allowableVaccine>
<vaccineType>4vHPV</vaccineType>
<cvx>62</cvx>
<beginAge>9 years - 4 days</beginAge>
<endAge/>
</allowableVaccine>
<allowableVaccine>
<vaccineType>HPV Unspecified</vaccineType>
<cvx>137</cvx>
<beginAge>9 years - 4 days</beginAge>
<endAge/>
</allowableVaccine>
<allowableVaccine>
<vaccineType>9vHPV</vaccineType>
<cvx>165</cvx>
<beginAge>9 years - 4 days</beginAge>
<endAge/>
</allowableVaccine>
<inadvertentVaccine>
<vaccineType>2vHPV</vaccineType>
<cvx>118</cvx>
</inadvertentVaccine>
<conditionalSkip/>
<recurringDose>No</recurringDose>
<seasonalRecommendation/>
</seriesDose>
</series>
<series>
<seriesName>HPV risk 3-dose series</seriesName>
<targetDisease>HPV</targetDisease>
<vaccineGroup>HPV</vaccineGroup>
<seriesAdminGuidance>At the provider's discretion, the recommendation for a 2-dose schedule does not apply to children aged less than 15 years with asplenia, asthma, chronic granulomatous disease, chronic liver disease, chronic lung disease, chronic renal disease, CNS anatomic barrier defines (e.g., cochlear implant), complement deficiency, diabetes, heart disease, or sickle cell disease.</seriesAdminGuidance>
<seriesType>Risk</seriesType>
<equivalentSeriesGroups>1</equivalentSeriesGroups>
<requiredGender>Female</requiredGender>
<requiredGender>Transgender</requiredGender>
<requiredGender>Unknown</requiredGender>
<selectSeries>
<defaultSeries>No</defaultSeries>
<productPath>No</productPath>
<seriesGroupName>Increased Risk</seriesGroupName>
<seriesGroup>2</seriesGroup>
<seriesPriority>A</seriesPriority>
<seriesPreference>1</seriesPreference>
<minAgeToStart>9 years</minAgeToStart>
<maxAgeToStart>27 years</maxAgeToStart>
</selectSeries>
<indication>
<observationCode>
<text>B-lymphocyte [humoral] - Severe antibody deficiencies</text>
<code>145</code>
</observationCode>
<description>Administer to persons who have severe B-lymphocyte (humoral) - antibody deficiencies (e.g., X-linked agammaglobulinemia and common variable immunodeficiency).</description>
<beginAge>9 years</beginAge>
<endAge/>
<guidance/>
</indication>
<indication>
<observationCode>
<text>B-lymphocyte [humoral] - Less severe antibody deficiencies</text>
<code>146</code>
</observationCode>
<description>Administer to persons who have less severe B-lymphocyte (humoral) - antibody deficiencies (e.g., selective IgA deficiency and IgG subclass deficiency).</description>
<beginAge>9 years</beginAge>
<endAge/>
<guidance/>
</indication>
<indication>
<observationCode>
<text>T-lymphocyte [cell-mediated and humoral] - Complete defects</text>
<code>147</code>
</observationCode>
<description>Administer to persons who have complete cell-mediated or humoral T-lymphocyte defects (e.g., severe combined immunodeficiency [SCID] disease, complete DiGeorge syndrome).</description>
<beginAge>9 years</beginAge>
<endAge/>
<guidance/>
</indication>
<indication>
<observationCode>
<text>T-lymphocyte [cell-mediated and humoral] - Partial defects</text>
<code>148</code>
</observationCode>
<description>Administer to persons who have partial cell-mediated or humoral T-lymphocyte defects (e.g., most patients with DiGeorge syndrome, Wiskott-Aldrich syndrome, ataxia- telangiectasia).</description>
<beginAge>9 years</beginAge>
<endAge/>
<guidance/>
</indication>
<indication>
<observationCode>
<text>T-lymphocyte [cell-mediated and humoral] - interferon-gamma/Interleukin 12 axis deficiencies</text>
<code>149</code>
</observationCode>
<description>Administer to persons who have T-lymphocyte [cell-mediated and humoral] - interferon-gamma/Interleukin 12 axis deficiencies.</description>
<beginAge>9 years</beginAge>
<endAge/>
<guidance/>
</indication>
<indication>
<observationCode>
<text>T-lymphocyte [cell-mediated and humoral] - interferon-gamma or interferon-alpha</text>
<code>150</code>
</observationCode>
<description>Administer to persons who have T-lymphocyte [cell-mediated and humoral] - interferon-gamma or interferon-alpha.</description>
<beginAge>9 years</beginAge>
<endAge/>
<guidance/>
</indication>
<indication>
<observationCode>
<text>Phagocytic function - Leukocyte adhesion defect, and myeloperoxidase deficiency</text>
<code>153</code>
</observationCode>
<description>Administer to persons who have a phagocytic function defect (e.g. leukocyte adhesion defect and myeloperoxidase deficiency).</description>
<beginAge>9 years</beginAge>
<endAge/>
<guidance/>
</indication>
<indication>
<observationCode>
<text>HIV/AIDS - severely immunocompromised</text>
<code>154</code>
</observationCode>
<description>Administer to persons who have HIV/AIDS and are severely immunocompromised (See the CDC general recommendations for a definition of "severely immunocompromised").</description>
<beginAge>9 years</beginAge>
<endAge/>
<guidance/>
</indication>
<indication>
<observationCode>
<text>HIV/AIDS - not severely immunocompromised</text>
<code>155</code>
</observationCode>
<description>Administer to persons who have HIV/AIDS and are not severely immunocompromised (See the CDC general recommendations for a definition of "severely immunocompromised").</description>
<beginAge>9 years</beginAge>
<endAge/>
<guidance/>
</indication>
<indication>
<observationCode>
<text>Generalized malignant neoplasm</text>
<code>156</code>
</observationCode>
<description>Administer to persons who have generalized malignant neoplasm.</description>
<beginAge>9 years</beginAge>
<endAge/>
<guidance/>
</indication>
<indication>
<observationCode>
<text>Transplantation</text>
<code>157</code>
</observationCode>
<description>Administer to persons who have received a transplant.</description>
<beginAge>9 years</beginAge>
<endAge/>
<guidance/>
</indication>
<indication>
<observationCode>
<text>Immunosuppressive therapy</text>
<code>158</code>
</observationCode>
<description>Administer to persons who are undergoing immunosuppressive therapy. Immunosuppressive medications include those given to prevent solid organ transplant rejection, human immune mediators like interleukins and colony-stimulating factors, immune modulators like levamisol and BCG bladder-tumor therapy, and medicines like tumor necrosis factor alpha inhibitors and anti-B cell antibodies. </description>
<beginAge>9 years</beginAge>
<endAge/>
<guidance/>
</indication>
<indication>
<observationCode>
<text>Radiation therapy</text>
<code>159</code>
</observationCode>
<description>Administer to persons who are undergoing radiation therapy.</description>
<beginAge>9 years</beginAge>
<endAge/>
<guidance/>
</indication>
<seriesDose>
<doseNumber>Dose 1</doseNumber>
<age>
<absMinAge>9 years - 4 days</absMinAge>
<minAge>9 years</minAge>
<earliestRecAge>11 years</earliestRecAge>
<latestRecAge>13 years + 4 weeks</latestRecAge>
<maxAge>27 years</maxAge>
<effectiveDate/>
<cessationDate/>
</age>
<interval/>
<allowableInterval/>
<preferableVaccine>
<vaccineType>9vHPV</vaccineType>
<cvx>165</cvx>
<beginAge>9 years</beginAge>
<endAge>46 years</endAge>
<tradeName/>
<mvx/>
<volume>0.5</volume>
<forecastVaccineType>N</forecastVaccineType>
</preferableVaccine>
<allowableVaccine>
<vaccineType>4vHPV</vaccineType>
<cvx>62</cvx>
<beginAge>9 years - 4 days</beginAge>
<endAge/>
</allowableVaccine>
<allowableVaccine>
<vaccineType>HPV Unspecified</vaccineType>
<cvx>137</cvx>
<beginAge>9 years - 4 days</beginAge>
<endAge/>
</allowableVaccine>
<allowableVaccine>
<vaccineType>2vHPV</vaccineType>
<cvx>118</cvx>
<beginAge>9 years - 4 days</beginAge>
<endAge/>
</allowableVaccine>
<allowableVaccine>
<vaccineType>9vHPV</vaccineType>
<cvx>165</cvx>
<beginAge>9 years - 4 days</beginAge>
<endAge/>
</allowableVaccine>
<inadvertentVaccine/>
<conditionalSkip/>
<recurringDose>No</recurringDose>
<seasonalRecommendation/>
</seriesDose>
<seriesDose>
<doseNumber>Dose 2</doseNumber>
<age>
<absMinAge/>
<minAge/>
<earliestRecAge/>
<latestRecAge/>
<maxAge>27 years</maxAge>
<effectiveDate/>
<cessationDate/>
</age>
<interval>
<fromPrevious>Y</fromPrevious>
<fromTargetDose/>
<fromMostRecent/>
<fromRelevantObs/>
<absMinInt>4 weeks - 4 days</absMinInt>
<minInt>4 weeks</minInt>
<earliestRecInt>4 weeks</earliestRecInt>
<latestRecInt>16 weeks</latestRecInt>
<intervalPriority/>
<effectiveDate/>
<cessationDate/>
</interval>
<allowableInterval/>
<preferableVaccine>
<vaccineType>9vHPV</vaccineType>
<cvx>165</cvx>
<beginAge>9 years</beginAge>
<endAge>46 years</endAge>
<tradeName/>
<mvx/>
<volume>0.5</volume>
<forecastVaccineType>N</forecastVaccineType>
</preferableVaccine>
<allowableVaccine>
<vaccineType>4vHPV</vaccineType>
<cvx>62</cvx>
<beginAge>9 years - 4 days</beginAge>
<endAge/>
</allowableVaccine>
<allowableVaccine>
<vaccineType>HPV Unspecified</vaccineType>
<cvx>137</cvx>
<beginAge>9 years - 4 days</beginAge>
<endAge/>
</allowableVaccine>
<allowableVaccine>
<vaccineType>2vHPV</vaccineType>
<cvx>118</cvx>
<beginAge>9 years - 4 days</beginAge>
<endAge/>
</allowableVaccine>
<allowableVaccine>
<vaccineType>9vHPV</vaccineType>
<cvx>165</cvx>
<beginAge>9 years - 4 days</beginAge>
<endAge/>
</allowableVaccine>
<inadvertentVaccine/>
<conditionalSkip/>
<recurringDose>No</recurringDose>
<seasonalRecommendation/>
</seriesDose>
<seriesDose>
<doseNumber>Dose 3</doseNumber>
<age>
<absMinAge/>
<minAge/>
<earliestRecAge/>
<latestRecAge/>
<maxAge>27 years</maxAge>
<effectiveDate/>
<cessationDate/>
</age>
<interval>
<fromPrevious>N</fromPrevious>
<fromTargetDose>1</fromTargetDose>
<fromMostRecent/>
<fromRelevantObs/>
<absMinInt>16 weeks - 4 days</absMinInt>
<minInt>5 months</minInt>
<earliestRecInt>6 months</earliestRecInt>
<latestRecInt>7 months + 4 weeks</latestRecInt>
<intervalPriority/>
<effectiveDate/>
<cessationDate>20161215</cessationDate>
</interval>
<interval>
<fromPrevious>N</fromPrevious>
<fromTargetDose>1</fromTargetDose>
<fromMostRecent/>
<fromRelevantObs/>
<absMinInt>5 months - 4 days</absMinInt>
<minInt>5 months</minInt>
<earliestRecInt>6 months</earliestRecInt>
<latestRecInt>7 months + 4 weeks</latestRecInt>
<intervalPriority/>
<effectiveDate>20161216</effectiveDate>
<cessationDate/>
</interval>
<interval>
<fromPrevious>Y</fromPrevious>
<fromTargetDose/>
<fromMostRecent/>
<fromRelevantObs/>
<absMinInt>12 weeks - 4 days</absMinInt>
<minInt>12 weeks</minInt>
<earliestRecInt>4 months</earliestRecInt>
<latestRecInt>5 months + 4 weeks</latestRecInt>
<intervalPriority/>
<effectiveDate/>
<cessationDate/>
</interval>
<allowableInterval/>
<preferableVaccine>
<vaccineType>9vHPV</vaccineType>
<cvx>165</cvx>
<beginAge>9 years</beginAge>
<endAge>46 years</endAge>
<tradeName/>
<mvx/>
<volume>0.5</volume>
<forecastVaccineType>N</forecastVaccineType>
</preferableVaccine>
<allowableVaccine>
<vaccineType>4vHPV</vaccineType>
<cvx>62</cvx>
<beginAge>9 years - 4 days</beginAge>
<endAge/>
</allowableVaccine>
<allowableVaccine>
<vaccineType>HPV Unspecified</vaccineType>
<cvx>137</cvx>
<beginAge>9 years - 4 days</beginAge>
<endAge/>
</allowableVaccine>
<allowableVaccine>
<vaccineType>2vHPV</vaccineType>
<cvx>118</cvx>
<beginAge>9 years - 4 days</beginAge>
<endAge/>
</allowableVaccine>
<allowableVaccine>
<vaccineType>9vHPV</vaccineType>
<cvx>165</cvx>
<beginAge>9 years - 4 days</beginAge>
<endAge/>
</allowableVaccine>
<inadvertentVaccine/>
<conditionalSkip/>
<recurringDose>No</recurringDose>
<seasonalRecommendation/>
</seriesDose>
</series>
<series>
<seriesName>HPV risk male 3-dose series</seriesName>
<targetDisease>HPV</targetDisease>
<vaccineGroup>HPV</vaccineGroup>
<seriesAdminGuidance>At the provider's discretion, the recommendation for a 2-dose schedule does not apply to children aged less than 15 years with asplenia, asthma, chronic granulomatous disease, chronic liver disease, chronic lung disease, chronic renal disease, CNS anatomic barrier defines (e.g., cochlear implant), complement deficiency, diabetes, heart disease, or sickle cell disease.</seriesAdminGuidance>
<seriesType>Risk</seriesType>
<equivalentSeriesGroups>1</equivalentSeriesGroups>
<requiredGender>Male</requiredGender>
<selectSeries>
<defaultSeries>No</defaultSeries>
<productPath>No</productPath>
<seriesGroupName>Increased Risk</seriesGroupName>
<seriesGroup>2</seriesGroup>
<seriesPriority>A</seriesPriority>
<seriesPreference>1</seriesPreference>
<minAgeToStart>9 years</minAgeToStart>
<maxAgeToStart>27 years</maxAgeToStart>
</selectSeries>
<indication>
<observationCode>
<text>B-lymphocyte [humoral] - Severe antibody deficiencies</text>
<code>145</code>
</observationCode>
<description>Administer to persons who have severe B-lymphocyte (humoral) - antibody deficiencies (e.g., X-linked agammaglobulinemia and common variable immunodeficiency).</description>
<beginAge>9 years</beginAge>
<endAge/>
<guidance/>
</indication>
<indication>
<observationCode>
<text>B-lymphocyte [humoral] - Less severe antibody deficiencies</text>
<code>146</code>
</observationCode>
<description>Administer to persons who have less severe B-lymphocyte (humoral) - antibody deficiencies (e.g., selective IgA deficiency and IgG subclass deficiency).</description>
<beginAge>9 years</beginAge>
<endAge/>
<guidance/>
</indication>
<indication>
<observationCode>
<text>T-lymphocyte [cell-mediated and humoral] - Complete defects</text>
<code>147</code>
</observationCode>
<description>Administer to persons who have complete cell-mediated or humoral T-lymphocyte defects (e.g., severe combined immunodeficiency [SCID] disease, complete DiGeorge syndrome).</description>
<beginAge>9 years</beginAge>
<endAge/>
<guidance/>
</indication>
<indication>
<observationCode>
<text>T-lymphocyte [cell-mediated and humoral] - Partial defects</text>
<code>148</code>
</observationCode>
<description>Administer to persons who have partial cell-mediated or humoral T-lymphocyte defects (e.g., most patients with DiGeorge syndrome, Wiskott-Aldrich syndrome, ataxia- telangiectasia).</description>
<beginAge>9 years</beginAge>
<endAge/>
<guidance/>
</indication>
<indication>
<observationCode>
<text>T-lymphocyte [cell-mediated and humoral] - interferon-gamma/Interleukin 12 axis deficiencies</text>
<code>149</code>
</observationCode>
<description>Administer to persons who have T-lymphocyte [cell-mediated and humoral] - interferon-gamma/Interleukin 12 axis deficiencies.</description>
<beginAge>9 years</beginAge>
<endAge/>
<guidance/>
</indication>
<indication>
<observationCode>
<text>T-lymphocyte [cell-mediated and humoral] - interferon-gamma or interferon-alpha</text>
<code>150</code>
</observationCode>
<description>Administer to persons who have T-lymphocyte [cell-mediated and humoral] - interferon-gamma or interferon-alpha.</description>
<beginAge>9 years</beginAge>
<endAge/>
<guidance/>
</indication>
<indication>
<observationCode>
<text>Phagocytic function - Leukocyte adhesion defect, and myeloperoxidase deficiency</text>
<code>153</code>
</observationCode>
<description>Administer to persons who have a phagocytic function defect (e.g. leukocyte adhesion defect and myeloperoxidase deficiency).</description>
<beginAge>9 years</beginAge>
<endAge/>
<guidance/>
</indication>
<indication>
<observationCode>
<text>HIV/AIDS - severely immunocompromised</text>
<code>154</code>
</observationCode>
<description>Administer to persons who have HIV/AIDS and are severely immunocompromised (See the CDC general recommendations for a definition of "severely immunocompromised").</description>
<beginAge>9 years</beginAge>
<endAge/>
<guidance/>
</indication>
<indication>
<observationCode>
<text>HIV/AIDS - not severely immunocompromised</text>
<code>155</code>
</observationCode>
<description>Administer to persons who have HIV/AIDS and are not severely immunocompromised (See the CDC general recommendations for a definition of "severely immunocompromised").</description>
<beginAge>9 years</beginAge>
<endAge/>
<guidance/>
</indication>
<indication>
<observationCode>
<text>Generalized malignant neoplasm</text>
<code>156</code>
</observationCode>
<description>Administer to persons who have generalized malignant neoplasm.</description>
<beginAge>9 years</beginAge>
<endAge/>
<guidance/>
</indication>
<indication>
<observationCode>
<text>Transplantation</text>
<code>157</code>
</observationCode>
<description>Administer to persons who have received a transplant.</description>
<beginAge>9 years</beginAge>
<endAge/>
<guidance/>
</indication>
<indication>
<observationCode>
<text>Immunosuppressive therapy</text>
<code>158</code>
</observationCode>
<description>Administer to persons who are undergoing immunosuppressive therapy. Immunosuppressive medications include those given to prevent solid organ transplant rejection, human immune mediators like interleukins and colony-stimulating factors, immune modulators like levamisol and BCG bladder-tumor therapy, and medicines like tumor necrosis factor alpha inhibitors and anti-B cell antibodies. </description>
<beginAge>9 years</beginAge>
<endAge/>
<guidance/>
</indication>
<indication>
<observationCode>
<text>Radiation therapy</text>
<code>159</code>
</observationCode>
<description>Administer to persons who are undergoing radiation therapy.</description>
<beginAge>9 years</beginAge>
<endAge/>
<guidance/>
</indication>
<seriesDose>
<doseNumber>Dose 1</doseNumber>
<age>
<absMinAge>9 years - 4 days</absMinAge>
<minAge>9 years</minAge>
<earliestRecAge>11 years</earliestRecAge>
<latestRecAge>13 years + 4 weeks</latestRecAge>
<maxAge>27 years</maxAge>
<effectiveDate/>
<cessationDate/>
</age>
<interval/>
<allowableInterval/>
<preferableVaccine>
<vaccineType>9vHPV</vaccineType>
<cvx>165</cvx>
<beginAge>9 years</beginAge>
<endAge>46 years</endAge>
<tradeName/>
<mvx/>
<volume>0.5</volume>
<forecastVaccineType>N</forecastVaccineType>
</preferableVaccine>
<allowableVaccine>
<vaccineType>4vHPV</vaccineType>
<cvx>62</cvx>
<beginAge>9 years - 4 days</beginAge>
<endAge/>
</allowableVaccine>
<allowableVaccine>
<vaccineType>HPV Unspecified</vaccineType>
<cvx>137</cvx>
<beginAge>9 years - 4 days</beginAge>
<endAge/>
</allowableVaccine>
<allowableVaccine>
<vaccineType>9vHPV</vaccineType>
<cvx>165</cvx>
<beginAge>9 years - 4 days</beginAge>
<endAge/>
</allowableVaccine>
<inadvertentVaccine>
<vaccineType>2vHPV</vaccineType>
<cvx>118</cvx>
</inadvertentVaccine>
<conditionalSkip/>
<recurringDose>No</recurringDose>
<seasonalRecommendation/>
</seriesDose>
<seriesDose>
<doseNumber>Dose 2</doseNumber>
<age>
<absMinAge/>
<minAge/>
<earliestRecAge/>
<latestRecAge/>
<maxAge>27 years</maxAge>
<effectiveDate/>
<cessationDate/>
</age>
<interval>
<fromPrevious>Y</fromPrevious>
<fromTargetDose/>
<fromMostRecent/>
<fromRelevantObs/>
<absMinInt>4 weeks - 4 days</absMinInt>
<minInt>4 weeks</minInt>
<earliestRecInt>4 weeks</earliestRecInt>
<latestRecInt>16 weeks</latestRecInt>
<intervalPriority/>
<effectiveDate/>
<cessationDate/>
</interval>
<allowableInterval/>
<preferableVaccine>
<vaccineType>9vHPV</vaccineType>
<cvx>165</cvx>
<beginAge>9 years</beginAge>
<endAge>46 years</endAge>
<tradeName/>
<mvx/>
<volume>0.5</volume>
<forecastVaccineType>N</forecastVaccineType>
</preferableVaccine>
<allowableVaccine>
<vaccineType>4vHPV</vaccineType>
<cvx>62</cvx>
<beginAge>9 years - 4 days</beginAge>
<endAge/>
</allowableVaccine>
<allowableVaccine>
<vaccineType>HPV Unspecified</vaccineType>
<cvx>137</cvx>
<beginAge>9 years - 4 days</beginAge>
<endAge/>
</allowableVaccine>
<allowableVaccine>
<vaccineType>9vHPV</vaccineType>
<cvx>165</cvx>
<beginAge>9 years - 4 days</beginAge>
<endAge/>
</allowableVaccine>
<inadvertentVaccine>
<vaccineType>2vHPV</vaccineType>
<cvx>118</cvx>
</inadvertentVaccine>
<conditionalSkip/>
<recurringDose>No</recurringDose>
<seasonalRecommendation/>
</seriesDose>
<seriesDose>
<doseNumber>Dose 3</doseNumber>
<age>
<absMinAge/>
<minAge/>
<earliestRecAge/>
<latestRecAge/>
<maxAge>27 years</maxAge>
<effectiveDate/>
<cessationDate/>
</age>
<interval>
<fromPrevious>N</fromPrevious>
<fromTargetDose>1</fromTargetDose>
<fromMostRecent/>
<fromRelevantObs/>
<absMinInt>16 weeks - 4 days</absMinInt>
<minInt>5 months</minInt>
<earliestRecInt>6 months</earliestRecInt>
<latestRecInt>7 months + 4 weeks</latestRecInt>
<intervalPriority/>
<effectiveDate/>
<cessationDate>20161215</cessationDate>
</interval>
<interval>
<fromPrevious>N</fromPrevious>
<fromTargetDose>1</fromTargetDose>
<fromMostRecent/>
<fromRelevantObs/>
<absMinInt>5 months - 4 days</absMinInt>
<minInt>5 months</minInt>
<earliestRecInt>6 months</earliestRecInt>
<latestRecInt>7 months + 4 weeks</latestRecInt>
<intervalPriority/>
<effectiveDate>20161216</effectiveDate>
<cessationDate/>
</interval>
<interval>
<fromPrevious>Y</fromPrevious>
<fromTargetDose/>
<fromMostRecent/>
<fromRelevantObs/>
<absMinInt>12 weeks - 4 days</absMinInt>
<minInt>12 weeks</minInt>
<earliestRecInt>4 months</earliestRecInt>
<latestRecInt>5 months + 4 weeks</latestRecInt>
<intervalPriority/>
<effectiveDate/>
<cessationDate/>
</interval>
<allowableInterval/>
<preferableVaccine>
<vaccineType>9vHPV</vaccineType>
<cvx>165</cvx>
<beginAge>9 years</beginAge>
<endAge>46 years</endAge>
<tradeName/>
<mvx/>
<volume>0.5</volume>
<forecastVaccineType>N</forecastVaccineType>
</preferableVaccine>
<allowableVaccine>
<vaccineType>4vHPV</vaccineType>
<cvx>62</cvx>
<beginAge>9 years - 4 days</beginAge>
<endAge/>
</allowableVaccine>
<allowableVaccine>
<vaccineType>HPV Unspecified</vaccineType>
<cvx>137</cvx>
<beginAge>9 years - 4 days</beginAge>
<endAge/>
</allowableVaccine>
<allowableVaccine>
<vaccineType>9vHPV</vaccineType>
<cvx>165</cvx>
<beginAge>9 years - 4 days</beginAge>
<endAge/>
</allowableVaccine>
<inadvertentVaccine>
<vaccineType>2vHPV</vaccineType>
<cvx>118</cvx>
</inadvertentVaccine>
<conditionalSkip/>
<recurringDose>No</recurringDose>
<seasonalRecommendation/>
</seriesDose>
</series>
</antigenSupportingData>
