<antigenSupportingData>
<immunity>
</immunity>
<contraindications>
<vaccineGroup>
<contraindication>
<observationCode>085</observationCode>
<observationTitle>Severe allergic reaction after previous dose of Influenza</observationTitle>
<contraindicationText>Do not vaccinate if the patient has had a severe allergic reaction after a previous dose of Influenza vaccine.</contraindicationText>
<contraindicationGuidance/>
<beginAge/>
<endAge/>
</contraindication>
<contraindication>
<observationCode>080</observationCode>
<observationTitle>Adverse reaction to vaccine component</observationTitle>
<contraindicationText>Do not vaccinate if the patient has had an adverse reaction to a vaccine component.</contraindicationText>
<contraindicationGuidance/>
<beginAge/>
<endAge/>
</contraindication>
</vaccineGroup>
<vaccine>
<contraindication>
<observationCode>003</observationCode>
<observationTitle>Immunocompromised</observationTitle>
<contraindicationText>Do not vaccinate with live attenuated influenza virus (LAIV) if the patient is immunocompromised.</contraindicationText>
<contraindicationGuidance/>
<contraindicatedVaccine>
<vaccineType>Influenza, live, intranasal, quadrivalent</vaccineType>
<cvx>149</cvx>
<beginAge/>
<endAge/>
</contraindicatedVaccine>
</contraindication>
<contraindication>
<observationCode>007</observationCode>
<observationTitle>Pregnant</observationTitle>
<contraindicationText>Do not vaccinate with live attenuated influenza virus (LAIV) if the patient is pregnant.</contraindicationText>
<contraindicationGuidance/>
<contraindicatedVaccine>
<vaccineType>Influenza, live, intranasal, quadrivalent</vaccineType>
<cvx>149</cvx>
<beginAge/>
<endAge/>
</contraindicatedVaccine>
</contraindication>
<contraindication>
<observationCode>010</observationCode>
<observationTitle>Cerebrospinal fluid leaks</observationTitle>
<contraindicationText>Do not vaccinate with live attenuated influenza virus (LAIV) if the patient has cerebrospinal fluid leaks.</contraindicationText>
<contraindicationGuidance/>
<contraindicatedVaccine>
<vaccineType>Influenza, live, intranasal, quadrivalent</vaccineType>
<cvx>149</cvx>
<beginAge/>
<endAge/>
</contraindicatedVaccine>
</contraindication>
<contraindication>
<observationCode>011</observationCode>
<observationTitle>Cochlear Implants</observationTitle>
<contraindicationText>Do not vaccinate with live attenuated influenza virus (LAIV) if the patient has cochlear implants.</contraindicationText>
<contraindicationGuidance/>
<contraindicatedVaccine>
<vaccineType>Influenza, live, intranasal, quadrivalent</vaccineType>
<cvx>149</cvx>
<beginAge/>
<endAge/>
</contraindicatedVaccine>
</contraindication>
<contraindication>
<observationCode>027</observationCode>
<observationTitle>Asthma</observationTitle>
<contraindicationText>Do not vaccinate with live attenuated influenza virus (LAIV) if the patient is between 2 and 4 years and has asthma.</contraindicationText>
<contraindicationGuidance/>
<contraindicatedVaccine>
<vaccineType>Influenza, live, intranasal, quadrivalent</vaccineType>
<cvx>149</cvx>
<beginAge>2 years</beginAge>
<endAge>4 years</endAge>
</contraindicatedVaccine>
</contraindication>
<contraindication>
<observationCode>033</observationCode>
<observationTitle>Taken influenza antiviral medications within the previous 48 hours</observationTitle>
<contraindicationText>Do not vaccinate with live attenuated influenza virus (LAIV) if the patient has taken influenza antiviral medications  within the previous 48 hours.</contraindicationText>
<contraindicationGuidance/>
<contraindicatedVaccine>
<vaccineType>Influenza, live, intranasal, quadrivalent</vaccineType>
<cvx>149</cvx>
<beginAge/>
<endAge/>
</contraindicatedVaccine>
</contraindication>
<contraindication>
<observationCode>034</observationCode>
<observationTitle>Receiving long-term aspirin therapy</observationTitle>
<contraindicationText>Do not vaccinate with live attenuated influenza virus (LAIV) if the patient is between 2 and 17 years and is receiving long-term aspirin therapy.</contraindicationText>
<contraindicationGuidance/>
<contraindicatedVaccine>
<vaccineType>Influenza, live, intranasal, quadrivalent</vaccineType>
<cvx>149</cvx>
<beginAge>2 years</beginAge>
<endAge>17 years</endAge>
</contraindicatedVaccine>
</contraindication>
<contraindication>
<observationCode>102</observationCode>
<observationTitle>Severe allergic reaction to gelatin</observationTitle>
<contraindicationText>Do not vaccinate with live attenuated influenza virus (LAIV) if the patient has had a severe allergic reaction to gelatin.</contraindicationText>
<contraindicationGuidance/>
<contraindicatedVaccine>
<vaccineType>Influenza, live, intranasal, quadrivalent</vaccineType>
<cvx>149</cvx>
<beginAge/>
<endAge/>
</contraindicatedVaccine>
</contraindication>
<contraindication>
<observationCode>103</observationCode>
<observationTitle>Severe allergic reaction to arginine</observationTitle>
<contraindicationText>Do not vaccinate with live attenuated influenza virus (LAIV) if the patient has had a severe allergic reaction to arginine.</contraindicationText>
<contraindicationGuidance/>
<contraindicatedVaccine>
<vaccineType>Influenza, live, intranasal, quadrivalent</vaccineType>
<cvx>149</cvx>
<beginAge/>
<endAge/>
</contraindicatedVaccine>
</contraindication>
<contraindication>
<observationCode>106</observationCode>
<observationTitle>Severe allergic reaction to gentamicin</observationTitle>
<contraindicationText>Do not vaccinate with live attenuated influenza virus (LAIV) if the patient has had a severe allergic reaction to gentamicin.</contraindicationText>
<contraindicationGuidance/>
<contraindicatedVaccine>
<vaccineType>Influenza, live, intranasal, quadrivalent</vaccineType>
<cvx>149</cvx>
<beginAge/>
<endAge/>
</contraindicatedVaccine>
</contraindication>
<contraindication>
<observationCode>145</observationCode>
<observationTitle>B-lymphocyte [humoral] - Severe antibody deficiencies</observationTitle>
<contraindicationText>Do not vaccinate with live attenuated influenza virus (LAIV) if the patient has severe B-lymphocyte (humoral) - antibody deficiencies (e.g., X-linked agammaglobulinemia and common variable immunodeficiency).</contraindicationText>
<contraindicationGuidance/>
<contraindicatedVaccine>
<vaccineType>Influenza, live, intranasal, quadrivalent</vaccineType>
<cvx>149</cvx>
<beginAge/>
<endAge/>
</contraindicatedVaccine>
</contraindication>
<contraindication>
<observationCode>147</observationCode>
<observationTitle>T-lymphocyte [cell-mediated and humoral] - Complete defects</observationTitle>
<contraindicationText>Do not vaccinate with live attenuated influenza virus (LAIV) if the patient has complete cell-mediated or humoral T-lymphocyte defects (e.g., severe combined immunodeficiency [SCID] disease, complete DiGeorge syndrome).</contraindicationText>
<contraindicationGuidance/>
<contraindicatedVaccine>
<vaccineType>Influenza, live, intranasal, quadrivalent</vaccineType>
<cvx>149</cvx>
<beginAge/>
<endAge/>
</contraindicatedVaccine>
</contraindication>
<contraindication>
<observationCode>148</observationCode>
<observationTitle>T-lymphocyte [cell-mediated and humoral] - Partial defects</observationTitle>
<contraindicationText>Do not vaccinate with live attenuated influenza virus (LAIV) if the patient has partial cell-mediated or humoral T-lymphocyte defects (e.g., most patients with DiGeorge syndrome, Wiskott-Aldrich syndrome, ataxia- telangiectasia).</contraindicationText>
<contraindicationGuidance/>
<contraindicatedVaccine>
<vaccineType>Influenza, live, intranasal, quadrivalent</vaccineType>
<cvx>149</cvx>
<beginAge/>
<endAge/>
</contraindicatedVaccine>
</contraindication>
<contraindication>
<observationCode>150</observationCode>
<observationTitle>T-lymphocyte [cell-mediated and humoral] - interferon-gamma or interferon-alpha</observationTitle>
<contraindicationText>Do not vaccinate with live attenuated influenza virus (LAIV) if the patient has cell-mediated or humoral T-lymphocyte defects related to interferon-gamma or interferon-alpha</contraindicationText>
<contraindicationGuidance/>
<contraindicatedVaccine>
<vaccineType>Influenza, live, intranasal, quadrivalent</vaccineType>
<cvx>149</cvx>
<beginAge/>
<endAge/>
</contraindicatedVaccine>
</contraindication>
<contraindication>
<observationCode>153</observationCode>
<observationTitle>Phagocytic function - Leukocyte adhesion defect, and myeloperoxidase deficiency</observationTitle>
<contraindicationText>Do not vaccinate with live attenuated influenza virus (LAIV) if the patient has a phagocytic function defect (e.g. leukocyte adhesion defect and myeloperoxidase deficiency).</contraindicationText>
<contraindicationGuidance/>
<contraindicatedVaccine>
<vaccineType>Influenza, live, intranasal, quadrivalent</vaccineType>
<cvx>149</cvx>
<beginAge/>
<endAge/>
</contraindicatedVaccine>
</contraindication>
<contraindication>
<observationCode>154</observationCode>
<observationTitle>HIV/AIDS - severely immunocompromised</observationTitle>
<contraindicationText>Do not vaccinate with live attenuated influenza virus (LAIV) if the patient has HIV/AIDS and is severely immunocompromised (See the CDC general recommendations for a definition of "severely immunocompromised").</contraindicationText>
<contraindicationGuidance/>
<contraindicatedVaccine>
<vaccineType>Influenza, live, intranasal, quadrivalent</vaccineType>
<cvx>149</cvx>
<beginAge/>
<endAge/>
</contraindicatedVaccine>
</contraindication>
<contraindication>
<observationCode>155</observationCode>
<observationTitle>HIV/AIDS - not severely immunocompromised</observationTitle>
<contraindicationText>Do not vaccinate with live attenuated influenza virus (LAIV) if the patient has HIV/AIDS even if not severely immunocompromised (See the CDC general recommendations for a definition of "severely immunocompromised").</contraindicationText>
<contraindicationGuidance/>
<contraindicatedVaccine>
<vaccineType>Influenza, live, intranasal, quadrivalent</vaccineType>
<cvx>149</cvx>
<beginAge/>
<endAge/>
</contraindicatedVaccine>
</contraindication>
<contraindication>
<observationCode>156</observationCode>
<observationTitle>Generalized malignant neoplasm</observationTitle>
<contraindicationText>Do not vaccinate with live attenuated influenza virus (LAIV) if the patient has generalized malignant neoplasm.</contraindicationText>
<contraindicationGuidance/>
<contraindicatedVaccine>
<vaccineType>Influenza, live, intranasal, quadrivalent</vaccineType>
<cvx>149</cvx>
<beginAge/>
<endAge/>
</contraindicatedVaccine>
</contraindication>
<contraindication>
<observationCode>157</observationCode>
<observationTitle>Transplantation</observationTitle>
<contraindicationText>Do not vaccinate with live attenuated influenza virus (LAIV) if the patient received a transplant.</contraindicationText>
<contraindicationGuidance/>
<contraindicatedVaccine>
<vaccineType>Influenza, live, intranasal, quadrivalent</vaccineType>
<cvx>149</cvx>
<beginAge/>
<endAge/>
</contraindicatedVaccine>
</contraindication>
<contraindication>
<observationCode>158</observationCode>
<observationTitle>Immunosuppressive therapy</observationTitle>
<contraindicationText>Do not vaccinate with live attenuated influenza virus (LAIV) if the patient is undergoing immunosuppressive therapy. Immunosuppressive medications include those given to prevent solid organ transplant rejection, human immune mediators like interleukins and colony-stimulating factors, immune modulators like levamisol and BCG bladder-tumor therapy, and medicines like tumor necrosis factor alpha inhibitors and anti-B cell antibodies. </contraindicationText>
<contraindicationGuidance/>
<contraindicatedVaccine>
<vaccineType>Influenza, live, intranasal, quadrivalent</vaccineType>
<cvx>149</cvx>
<beginAge/>
<endAge/>
</contraindicatedVaccine>
</contraindication>
<contraindication>
<observationCode>159</observationCode>
<observationTitle>Radiation therapy</observationTitle>
<contraindicationText>Do not vaccinate with live attenuated influenza virus (LAIV) if the patient is undergoing radiation therapy.</contraindicationText>
<contraindicationGuidance/>
<contraindicatedVaccine>
<vaccineType>Influenza, live, intranasal, quadrivalent</vaccineType>
<cvx>149</cvx>
<beginAge/>
<endAge/>
</contraindicatedVaccine>
</contraindication>
<contraindication>
<observationCode>160</observationCode>
<observationTitle>Anatomical or Functional Asplenia</observationTitle>
<contraindicationText>Do not vaccinate with live attenuated influenza virus (LAIV) if the patient has anatomical or functional asplenia</contraindicationText>
<contraindicationGuidance/>
<contraindicatedVaccine>
<vaccineType>Influenza, live, intranasal, quadrivalent</vaccineType>
<cvx>149</cvx>
<beginAge/>
<endAge/>
</contraindicatedVaccine>
</contraindication>
<contraindication>
<observationCode>161</observationCode>
<observationTitle>Chronic renal disease</observationTitle>
<contraindicationText>Do not vaccinate with live attenuated influenza virus (LAIV) if the patient has chronic renal disease.</contraindicationText>
<contraindicationGuidance/>
<contraindicatedVaccine>
<vaccineType>Influenza, live, intranasal, quadrivalent</vaccineType>
<cvx>149</cvx>
<beginAge/>
<endAge/>
</contraindicatedVaccine>
</contraindication>
</vaccine>
</contraindications>
<series>
<seriesName>Influenza standard series</seriesName>
<targetDisease>Influenza</targetDisease>
<vaccineGroup>Influenza</vaccineGroup>
<seriesAdminGuidance>Persons with a history of egg allergy may receive any licensed, recommended influenza vaccine that is otherwise appropriate for their age and health status.</seriesAdminGuidance>
<seriesAdminGuidance>Persons who report having had reactions to egg involving symptoms other than urticaria (e.g., angioedema or swelling, respiratory distress, lightheadedness, or recurrent emesis) or who required epinephrine or another emergency medical intervention should be vaccinated in an inpatient or outpatient medical setting (including, but not necessarily limited to, hospitals, clinics, health departments, and physician offices). Vaccine administration should be supervised by a health care provider who is able to recognize and manage severe allergic reactions.</seriesAdminGuidance>
<seriesType>Standard</seriesType>
<equivalentSeriesGroups/>
<requiredGender/>
<selectSeries>
<defaultSeries>Yes</defaultSeries>
<productPath>No</productPath>
<seriesGroupName>Standard</seriesGroupName>
<seriesGroup>1</seriesGroup>
<seriesPriority>A</seriesPriority>
<seriesPreference>1</seriesPreference>
<minAgeToStart/>
<maxAgeToStart/>
</selectSeries>
<indication/>
<seriesDose>
<doseNumber>Dose 1</doseNumber>
<age>
<absMinAge>6 months - 4 days</absMinAge>
<minAge>6 months</minAge>
<earliestRecAge>6 months</earliestRecAge>
<latestRecAge/>
<maxAge/>
<effectiveDate/>
<cessationDate/>
</age>
<interval/>
<allowableInterval/>
<preferableVaccine>
<vaccineType>Influenza, live, intranasal, quadrivalent</vaccineType>
<cvx>149</cvx>
<beginAge>2 years</beginAge>
<endAge>50 years</endAge>
<tradeName/>
<mvx/>
<volume>0.2</volume>
<forecastVaccineType>N</forecastVaccineType>
</preferableVaccine>
<preferableVaccine>
<vaccineType>Influenza, injectable, quadrivalent, preservative free</vaccineType>
<cvx>150</cvx>
<beginAge>3 years</beginAge>
<endAge/>
<tradeName>AFLURIA - QUADRIVALENT</tradeName>
<mvx>SEQ</mvx>
<volume>0.5</volume>
<forecastVaccineType>N</forecastVaccineType>
</preferableVaccine>
<preferableVaccine>
<vaccineType>Influenza, injectable, quadrivalent, preservative free</vaccineType>
<cvx>150</cvx>
<beginAge>6 months</beginAge>
<endAge/>
<tradeName>FLUARIX - QUADRIVALENT</tradeName>
<mvx>SKB</mvx>
<volume>0.5</volume>
<forecastVaccineType>N</forecastVaccineType>
</preferableVaccine>
<preferableVaccine>
<vaccineType>Influenza, injectable, quadrivalent, preservative free</vaccineType>
<cvx>150</cvx>
<beginAge>6 months</beginAge>
<endAge/>
<tradeName>FLUZONE - QUADRIVALENT</tradeName>
<mvx>PMC</mvx>
<volume>0.5</volume>
<forecastVaccineType>N</forecastVaccineType>
</preferableVaccine>
<preferableVaccine>
<vaccineType>Influenza, injectable, quadrivalent, preservative free</vaccineType>
<cvx>150</cvx>
<beginAge>6 months</beginAge>
<endAge/>
<tradeName>FLULAVAL - QUADRIVALENT</tradeName>
<mvx>IDB</mvx>
<volume>0.5</volume>
<forecastVaccineType>N</forecastVaccineType>
</preferableVaccine>
<preferableVaccine>
<vaccineType>Influenza, injectable, quadrivalent</vaccineType>
<cvx>158</cvx>
<beginAge>6 months</beginAge>
<endAge>3 years</endAge>
<tradeName>FLUZONE - QUADRIVALENT</tradeName>
<mvx>PMC</mvx>
<volume>0.25</volume>
<forecastVaccineType>N</forecastVaccineType>
</preferableVaccine>
<preferableVaccine>
<vaccineType>Influenza, injectable, quadrivalent</vaccineType>
<cvx>158</cvx>
<beginAge>6 months</beginAge>
<endAge/>
<tradeName>FLUZONE - QUADRIVALENT</tradeName>
<mvx>PMC</mvx>
<volume>0.5</volume>
<forecastVaccineType>N</forecastVaccineType>
</preferableVaccine>
<preferableVaccine>
<vaccineType>Influenza, injectable, quadrivalent</vaccineType>
<cvx>158</cvx>
<beginAge>6 months</beginAge>
<endAge>3 years</endAge>
<tradeName>AFLURIA - QUADRIVALENT</tradeName>
<mvx>SEQ</mvx>
<volume>0.25</volume>
<forecastVaccineType>N</forecastVaccineType>
</preferableVaccine>
<preferableVaccine>
<vaccineType>Influenza, injectable, quadrivalent</vaccineType>
<cvx>158</cvx>
<beginAge>3 years</beginAge>
<endAge/>
<tradeName>AFLURIA - QUADRIVALENT</tradeName>
<mvx>SEQ</mvx>
<volume>0.5</volume>
<forecastVaccineType>N</forecastVaccineType>
</preferableVaccine>
<preferableVaccine>
<vaccineType>Influenza, injectable, quadrivalent, preservative free, peds</vaccineType>
<cvx>161</cvx>
<beginAge>6 months</beginAge>
<endAge>3 years</endAge>
<tradeName/>
<mvx/>
<volume>0.25</volume>
<forecastVaccineType>N</forecastVaccineType>
</preferableVaccine>
<preferableVaccine>
<vaccineType>Influenza, injectable, MDCK, preservative free, quadrivalent</vaccineType>
<cvx>171</cvx>
<beginAge>4 years</beginAge>
<endAge/>
<tradeName/>
<mvx/>
<volume>0.5</volume>
<forecastVaccineType>N</forecastVaccineType>
</preferableVaccine>
<preferableVaccine>
<vaccineType>Influenza, injectable, MDCK, preservative, quadrivalent</vaccineType>
<cvx>186</cvx>
<beginAge>4 years</beginAge>
<endAge/>
<tradeName/>
<mvx/>
<volume>0.5</volume>
<forecastVaccineType>N</forecastVaccineType>
</preferableVaccine>
<allowableVaccine>
<vaccineType>Influenza, split incl. purified surface antigen</vaccineType>
<cvx>15</cvx>
<beginAge>6 months - 4 days</beginAge>
<endAge/>
</allowableVaccine>
<allowableVaccine>
<vaccineType>Influenza, whole</vaccineType>
<cvx>16</cvx>
<beginAge>6 months - 4 days</beginAge>
<endAge/>
</allowableVaccine>
<allowableVaccine>
<vaccineType>Influenza, Unspecified</vaccineType>
<cvx>88</cvx>
<beginAge>6 months - 4 days</beginAge>
<endAge/>
</allowableVaccine>
<allowableVaccine>
<vaccineType>Influenza, live, intranasal</vaccineType>
<cvx>111</cvx>
<beginAge>6 months - 4 days</beginAge>
<endAge>50 years</endAge>
</allowableVaccine>
<allowableVaccine>
<vaccineType>Influenza, high dose seasonal</vaccineType>
<cvx>135</cvx>
<beginAge>6 months - 4 days</beginAge>
<endAge/>
</allowableVaccine>
<allowableVaccine>
<vaccineType>Influenza, injectable preservative free</vaccineType>
<cvx>140</cvx>
<beginAge>6 months - 4 days</beginAge>
<endAge/>
</allowableVaccine>
<allowableVaccine>
<vaccineType>Influenza, injectable</vaccineType>
<cvx>141</cvx>
<beginAge>6 months - 4 days</beginAge>
<endAge/>
</allowableVaccine>
<allowableVaccine>
<vaccineType>Influenza, live, intranasal, quadrivalent</vaccineType>
<cvx>149</cvx>
<beginAge>6 months - 4 days</beginAge>
<endAge>50 years</endAge>
</allowableVaccine>
<allowableVaccine>
<vaccineType>Influenza, injectable, quadrivalent, preservative free</vaccineType>
<cvx>150</cvx>
<beginAge>6 months - 4 days</beginAge>
<endAge/>
</allowableVaccine>
<allowableVaccine>
<vaccineType>influenza nasal, unspecified formulation</vaccineType>
<cvx>151</cvx>
<beginAge>6 months - 4 days</beginAge>
<endAge/>
</allowableVaccine>
<allowableVaccine>
<vaccineType>Influenza, injectable, MDCK, preservative free</vaccineType>
<cvx>153</cvx>
<beginAge>6 months - 4 days</beginAge>
<endAge/>
</allowableVaccine>
<allowableVaccine>
<vaccineType>Influenza, recombinant, injectable, preservative free</vaccineType>
<cvx>155</cvx>
<beginAge>6 months - 4 days</beginAge>
<endAge/>
</allowableVaccine>
<allowableVaccine>
<vaccineType>Influenza, injectable, quadrivalent</vaccineType>
<cvx>158</cvx>
<beginAge>6 months - 4 days</beginAge>
<endAge/>
</allowableVaccine>
<allowableVaccine>
<vaccineType>Influenza, injectable, quadrivalent, preservative free, peds</vaccineType>
<cvx>161</cvx>
<beginAge>6 months - 4 days</beginAge>
<endAge>3 years</endAge>
</allowableVaccine>
<allowableVaccine>
<vaccineType>influenza, trivalent, adjuvanted</vaccineType>
<cvx>168</cvx>
<beginAge>6 months - 4 days</beginAge>
<endAge/>
</allowableVaccine>
<allowableVaccine>
<vaccineType>Influenza, injectable, MDCK, preservative free, quadrivalent</vaccineType>
<cvx>171</cvx>
<beginAge>6 months - 4 days</beginAge>
<endAge/>
</allowableVaccine>
<allowableVaccine>
<vaccineType>influenza, recombinant, quadrIvalent,injectable, preservative free</vaccineType>
<cvx>185</cvx>
<beginAge>6 months - 4 days</beginAge>
<endAge/>
</allowableVaccine>
<allowableVaccine>
<vaccineType>Influenza, injectable, MDCK, preservative, quadrivalent</vaccineType>
<cvx>186</cvx>
<beginAge>6 months - 4 days</beginAge>
<endAge/>
</allowableVaccine>
<allowableVaccine>
<vaccineType>Influenza, high dose, quadrivalent</vaccineType>
<cvx>197</cvx>
<beginAge>6 months - 4 days</beginAge>
<endAge/>
</allowableVaccine>
<allowableVaccine>
<vaccineType>influenza, seasonal vaccine, quadrivalent, adjuvanted</vaccineType>
<cvx>205</cvx>
<beginAge>6 months - 4 days</beginAge>
<endAge/>
</allowableVaccine>
<inadvertentVaccine/>
<conditionalSkip>
<context>Both</context>
<setLogic>n/a</setLogic>
<set>
<setID>1</setID>
<setDescription>Dose is not required for those 9 years or older</setDescription>
<effectiveDate/>
<cessationDate/>
<conditionLogic/>
<condition>
<conditionID>1</conditionID>
<conditionType>Age</conditionType>
<startDate/>
<endDate/>
<beginAge>9 years</beginAge>
<endAge/>
<interval/>
<doseCount/>
<doseType/>
<doseCountLogic/>
<vaccineTypes/>
<seriesGroups/>
</condition>
</set>
</conditionalSkip>
<recurringDose>No</recurringDose>
<seasonalRecommendation>
<startDate>20200701</startDate>
<endDate>20210630</endDate>
</seasonalRecommendation>
</seriesDose>
<seriesDose>
<doseNumber>Dose 2</doseNumber>
<age>
<absMinAge/>
<minAge/>
<earliestRecAge/>
<latestRecAge/>
<maxAge/>
<effectiveDate/>
<cessationDate/>
</age>
<interval>
<fromPrevious>Y</fromPrevious>
<fromTargetDose/>
<fromMostRecent/>
<fromRelevantObs/>
<absMinInt>4 weeks - 4 days</absMinInt>
<minInt>4 weeks</minInt>
<earliestRecInt>4 weeks</earliestRecInt>
<latestRecInt/>
<intervalPriority/>
<effectiveDate/>
<cessationDate/>
</interval>
<allowableInterval/>
<preferableVaccine>
<vaccineType>Influenza, live, intranasal, quadrivalent</vaccineType>
<cvx>149</cvx>
<beginAge>2 years</beginAge>
<endAge>50 years</endAge>
<tradeName/>
<mvx/>
<volume>0.2</volume>
<forecastVaccineType>N</forecastVaccineType>
</preferableVaccine>
<preferableVaccine>
<vaccineType>Influenza, injectable, quadrivalent, preservative free</vaccineType>
<cvx>150</cvx>
<beginAge>3 years</beginAge>
<endAge/>
<tradeName>AFLURIA - QUADRIVALENT</tradeName>
<mvx>SEQ</mvx>
<volume>0.5</volume>
<forecastVaccineType>N</forecastVaccineType>
</preferableVaccine>
<preferableVaccine>
<vaccineType>Influenza, injectable, quadrivalent, preservative free</vaccineType>
<cvx>150</cvx>
<beginAge>6 months</beginAge>
<endAge/>
<tradeName>FLUARIX - QUADRIVALENT</tradeName>
<mvx>SKB</mvx>
<volume>0.5</volume>
<forecastVaccineType>N</forecastVaccineType>
</preferableVaccine>
<preferableVaccine>
<vaccineType>Influenza, injectable, quadrivalent, preservative free</vaccineType>
<cvx>150</cvx>
<beginAge>6 months</beginAge>
<endAge/>
<tradeName>FLUZONE - QUADRIVALENT</tradeName>
<mvx>PMC</mvx>
<volume>0.5</volume>
<forecastVaccineType>N</forecastVaccineType>
</preferableVaccine>
<preferableVaccine>
<vaccineType>Influenza, injectable, quadrivalent, preservative free</vaccineType>
<cvx>150</cvx>
<beginAge>6 months</beginAge>
<endAge/>
<tradeName>FLULAVAL - QUADRIVALENT</tradeName>
<mvx>IDB</mvx>
<volume>0.5</volume>
<forecastVaccineType>N</forecastVaccineType>
</preferableVaccine>
<preferableVaccine>
<vaccineType>Influenza, injectable, quadrivalent</vaccineType>
<cvx>158</cvx>
<beginAge>6 months</beginAge>
<endAge>3 years</endAge>
<tradeName>FLUZONE - QUADRIVALENT</tradeName>
<mvx>PMC</mvx>
<volume>0.25</volume>
<forecastVaccineType>N</forecastVaccineType>
</preferableVaccine>
<preferableVaccine>
<vaccineType>Influenza, injectable, quadrivalent</vaccineType>
<cvx>158</cvx>
<beginAge>6 months</beginAge>
<endAge/>
<tradeName>FLUZONE - QUADRIVALENT</tradeName>
<mvx>PMC</mvx>
<volume>0.5</volume>
<forecastVaccineType>N</forecastVaccineType>
</preferableVaccine>
<preferableVaccine>
<vaccineType>Influenza, injectable, quadrivalent</vaccineType>
<cvx>158</cvx>
<beginAge>6 months</beginAge>
<endAge>3 years</endAge>
<tradeName>AFLURIA - QUADRIVALENT</tradeName>
<mvx>SEQ</mvx>
<volume>0.25</volume>
<forecastVaccineType>N</forecastVaccineType>
</preferableVaccine>
<preferableVaccine>
<vaccineType>Influenza, injectable, quadrivalent</vaccineType>
<cvx>158</cvx>
<beginAge>3 years</beginAge>
<endAge/>
<tradeName>AFLURIA - QUADRIVALENT</tradeName>
<mvx>SEQ</mvx>
<volume>0.5</volume>
<forecastVaccineType>N</forecastVaccineType>
</preferableVaccine>
<preferableVaccine>
<vaccineType>Influenza, injectable, quadrivalent, preservative free, peds</vaccineType>
<cvx>161</cvx>
<beginAge>6 months</beginAge>
<endAge>3 years</endAge>
<tradeName/>
<mvx/>
<volume>0.25</volume>
<forecastVaccineType>N</forecastVaccineType>
</preferableVaccine>
<preferableVaccine>
<vaccineType>influenza, trivalent, adjuvanted</vaccineType>
<cvx>168</cvx>
<beginAge>65 years</beginAge>
<endAge/>
<tradeName/>
<mvx/>
<volume>0.5</volume>
<forecastVaccineType>N</forecastVaccineType>
</preferableVaccine>
<preferableVaccine>
<vaccineType>Influenza, injectable, MDCK, preservative free, quadrivalent</vaccineType>
<cvx>171</cvx>
<beginAge>4 years</beginAge>
<endAge/>
<tradeName/>
<mvx/>
<volume>0.5</volume>
<forecastVaccineType>N</forecastVaccineType>
</preferableVaccine>
<preferableVaccine>
<vaccineType>influenza, recombinant, quadrIvalent,injectable, preservative free</vaccineType>
<cvx>185</cvx>
<beginAge>18 years</beginAge>
<endAge/>
<tradeName/>
<mvx/>
<volume>0.5</volume>
<forecastVaccineType>N</forecastVaccineType>
</preferableVaccine>
<preferableVaccine>
<vaccineType>Influenza, injectable, MDCK, preservative, quadrivalent</vaccineType>
<cvx>186</cvx>
<beginAge>4 years</beginAge>
<endAge/>
<tradeName/>
<mvx/>
<volume>0.5</volume>
<forecastVaccineType>N</forecastVaccineType>
</preferableVaccine>
<preferableVaccine>
<vaccineType>Influenza, high dose, quadrivalent</vaccineType>
<cvx>197</cvx>
<beginAge>65 years</beginAge>
<endAge/>
<tradeName/>
<mvx/>
<volume>0.7</volume>
<forecastVaccineType>N</forecastVaccineType>
</preferableVaccine>
<preferableVaccine>
<vaccineType>influenza, seasonal vaccine, quadrivalent, adjuvanted</vaccineType>
<cvx>205</cvx>
<beginAge>65 years</beginAge>
<endAge/>
<tradeName/>
<mvx/>
<volume>0.5</volume>
<forecastVaccineType>N</forecastVaccineType>
</preferableVaccine>
<allowableVaccine>
<vaccineType>Influenza, split incl. purified surface antigen</vaccineType>
<cvx>15</cvx>
<beginAge>6 months - 4 days</beginAge>
<endAge/>
</allowableVaccine>
<allowableVaccine>
<vaccineType>Influenza, whole</vaccineType>
<cvx>16</cvx>
<beginAge>6 months - 4 days</beginAge>
<endAge/>
</allowableVaccine>
<allowableVaccine>
<vaccineType>Influenza, Unspecified</vaccineType>
<cvx>88</cvx>
<beginAge>6 months - 4 days</beginAge>
<endAge/>
</allowableVaccine>
<allowableVaccine>
<vaccineType>Influenza, live, intranasal</vaccineType>
<cvx>111</cvx>
<beginAge>6 months - 4 days</beginAge>
<endAge>50 years</endAge>
</allowableVaccine>
<allowableVaccine>
<vaccineType>Influenza, high dose seasonal</vaccineType>
<cvx>135</cvx>
<beginAge>6 months - 4 days</beginAge>
<endAge/>
</allowableVaccine>
<allowableVaccine>
<vaccineType>Influenza, injectable preservative free</vaccineType>
<cvx>140</cvx>
<beginAge>6 months - 4 days</beginAge>
<endAge/>
</allowableVaccine>
<allowableVaccine>
<vaccineType>Influenza, injectable</vaccineType>
<cvx>141</cvx>
<beginAge>6 months - 4 days</beginAge>
<endAge/>
</allowableVaccine>
<allowableVaccine>
<vaccineType>Influenza, intradermal, preservative free</vaccineType>
<cvx>144</cvx>
<beginAge>12 years - 4 days</beginAge>
<endAge>65 years</endAge>
</allowableVaccine>
<allowableVaccine>
<vaccineType>Influenza, live, intranasal, quadrivalent</vaccineType>
<cvx>149</cvx>
<beginAge>6 months - 4 days</beginAge>
<endAge>50 years</endAge>
</allowableVaccine>
<allowableVaccine>
<vaccineType>Influenza, injectable, quadrivalent, preservative free</vaccineType>
<cvx>150</cvx>
<beginAge>6 months - 4 days</beginAge>
<endAge/>
</allowableVaccine>
<allowableVaccine>
<vaccineType>influenza nasal, unspecified formulation</vaccineType>
<cvx>151</cvx>
<beginAge>6 months - 4 days</beginAge>
<endAge/>
</allowableVaccine>
<allowableVaccine>
<vaccineType>Influenza, injectable, MDCK, preservative free</vaccineType>
<cvx>153</cvx>
<beginAge>6 months - 4 days</beginAge>
<endAge/>
</allowableVaccine>
<allowableVaccine>
<vaccineType>Influenza, recombinant, injectable, preservative free</vaccineType>
<cvx>155</cvx>
<beginAge>6 months - 4 days</beginAge>
<endAge/>
</allowableVaccine>
<allowableVaccine>
<vaccineType>Influenza, injectable, quadrivalent</vaccineType>
<cvx>158</cvx>
<beginAge>6 months - 4 days</beginAge>
<endAge/>
</allowableVaccine>
<allowableVaccine>
<vaccineType>Influenza, injectable, quadrivalent, preservative free, peds</vaccineType>
<cvx>161</cvx>
<beginAge>6 months - 4 days</beginAge>
<endAge>3 years</endAge>
</allowableVaccine>
<allowableVaccine>
<vaccineType>Influenza, intradermal, quadrivalent, preservative free</vaccineType>
<cvx>166</cvx>
<beginAge>12 years - 4 days</beginAge>
<endAge>65 years</endAge>
</allowableVaccine>
<allowableVaccine>
<vaccineType>influenza, trivalent, adjuvanted</vaccineType>
<cvx>168</cvx>
<beginAge>6 months - 4 days</beginAge>
<endAge/>
</allowableVaccine>
<allowableVaccine>
<vaccineType>Influenza, injectable, MDCK, preservative free, quadrivalent</vaccineType>
<cvx>171</cvx>
<beginAge>6 months - 4 days</beginAge>
<endAge/>
</allowableVaccine>
<allowableVaccine>
<vaccineType>influenza, recombinant, quadrIvalent,injectable, preservative free</vaccineType>
<cvx>185</cvx>
<beginAge>6 months - 4 days</beginAge>
<endAge/>
</allowableVaccine>
<allowableVaccine>
<vaccineType>Influenza, injectable, MDCK, preservative, quadrivalent</vaccineType>
<cvx>186</cvx>
<beginAge>6 months - 4 days</beginAge>
<endAge/>
</allowableVaccine>
<allowableVaccine>
<vaccineType>Influenza, high dose, quadrivalent</vaccineType>
<cvx>197</cvx>
<beginAge>6 months - 4 days</beginAge>
<endAge/>
</allowableVaccine>
<allowableVaccine>
<vaccineType>influenza, seasonal vaccine, quadrivalent, adjuvanted</vaccineType>
<cvx>205</cvx>
<beginAge>6 months - 4 days</beginAge>
<endAge/>
</allowableVaccine>
<inadvertentVaccine/>
<conditionalSkip>
<context>Both</context>
<setLogic>OR</setLogic>
<set>
<setID>1</setID>
<setDescription>Dose is not required if the patient has received 2 or more doses during the current season.</setDescription>
<effectiveDate/>
<cessationDate/>
<conditionLogic/>
<condition>
<conditionID>1</conditionID>
<conditionType>Vaccine Count by Date</conditionType>
<startDate>20200701</startDate>
<endDate>20210630</endDate>
<beginAge/>
<endAge/>
<interval/>
<doseCount>1</doseCount>
<doseType>Valid</doseType>
<doseCountLogic>greater than</doseCountLogic>
<vaccineTypes>15; 16; 88; 111; 135; 140; 141; 144; 149; 150; 151; 153; 155; 158; 161; 166; 168; 171; 185; 186; 197; 205</vaccineTypes>
<seriesGroups/>
</condition>
</set>
<set>
<setID>2</setID>
<setDescription>Dose is not required if the patient has received 1 or more doses during the current season AND patient was 9 years or older when the first dose was received.</setDescription>
<effectiveDate/>
<cessationDate/>
<conditionLogic>AND</conditionLogic>
<condition>
<conditionID>1</conditionID>
<conditionType>Vaccine Count by Date</conditionType>
<startDate>20200701</startDate>
<endDate>20210630</endDate>
<beginAge/>
<endAge/>
<interval/>
<doseCount>0</doseCount>
<doseType>Valid</doseType>
<doseCountLogic>greater than</doseCountLogic>
<vaccineTypes>15; 16; 88; 111; 135; 140; 141; 144; 149; 150; 151; 153; 155; 158; 161; 166; 168; 171; 185; 186; 197; 205</vaccineTypes>
<seriesGroups/>
</condition>
<condition>
<conditionID>2</conditionID>
<conditionType>Vaccine Count by Age</conditionType>
<startDate/>
<endDate/>
<beginAge>9 years</beginAge>
<endAge/>
<interval/>
<doseCount>0</doseCount>
<doseType>Total</doseType>
<doseCountLogic>greater than</doseCountLogic>
<vaccineTypes>15; 16; 88; 111; 135; 140; 141; 144; 149; 150; 151; 153; 155; 158; 161; 166; 168; 171; 185; 186; 197; 205</vaccineTypes>
<seriesGroups/>
</condition>
</set>
<set>
<setID>3</setID>
<setDescription>Dose is not required if the patient has received 1 or more doses during the current season AND patient has received 2 or more doses before July 1, 2020.</setDescription>
<effectiveDate/>
<cessationDate/>
<conditionLogic>AND</conditionLogic>
<condition>
<conditionID>1</conditionID>
<conditionType>Vaccine Count by Date</conditionType>
<startDate>20200701</startDate>
<endDate>20210630</endDate>
<beginAge/>
<endAge/>
<interval/>
<doseCount>0</doseCount>
<doseType>Valid</doseType>
<doseCountLogic>greater than</doseCountLogic>
<vaccineTypes>15; 16; 88; 111; 135; 140; 141; 144; 149; 150; 151; 153; 155; 158; 161; 166; 168; 171; 185; 186; 197; 205</vaccineTypes>
<seriesGroups/>
</condition>
<condition>
<conditionID>2</conditionID>
<conditionType>Vaccine Count by Date</conditionType>
<startDate/>
<endDate>20200701</endDate>
<beginAge/>
<endAge/>
<interval/>
<doseCount>1</doseCount>
<doseType>Valid</doseType>
<doseCountLogic>greater than</doseCountLogic>
<vaccineTypes>15; 16; 88; 111; 135; 140; 141; 144; 149; 150; 151; 153; 155; 158; 161; 166; 168; 171; 185; 186; 197; 205</vaccineTypes>
<seriesGroups/>
</condition>
</set>
</conditionalSkip>
<recurringDose>Yes</recurringDose>
<seasonalRecommendation>
<startDate>20200701</startDate>
<endDate>20210630</endDate>
</seasonalRecommendation>
</seriesDose>
</series>
</antigenSupportingData>
