<antigenSupportingData>
<immunity>
</immunity>
<contraindications>
<vaccineGroup>
<contraindication>
<observationCode>080</observationCode>
<observationTitle>Adverse reaction to vaccine component</observationTitle>
<contraindicationText>Do not vaccinate if the patient has had an adverse reaction to a vaccine component.</contraindicationText>
<contraindicationGuidance/>
<beginAge/>
<endAge/>
</contraindication>
<contraindication>
<observationCode>098</observationCode>
<observationTitle>Severe allergic reaction after previous dose of Hib</observationTitle>
<contraindicationText>Do not vaccinate if the patient has had a severe allergic reaction after a previous dose of Hib vaccine.</contraindicationText>
<contraindicationGuidance/>
<beginAge/>
<endAge/>
</contraindication>
<contraindication>
<observationCode>159</observationCode>
<observationTitle>Radiation therapy</observationTitle>
<contraindicationText>Do not vaccinate if the patient is undergoing radiation therapy, including 14 days before the start of therapy and 3 months after the completion of therapy.</contraindicationText>
<contraindicationGuidance/>
<beginAge>6 weeks</beginAge>
<endAge>5 years</endAge>
</contraindication>
<contraindication>
<observationCode>168</observationCode>
<observationTitle>Chemotherapy</observationTitle>
<contraindicationText>Do not vaccinate if the patient is undergoing chemotherapy, including 14 days before the start of therapy and 3 months after the completion of therapy.</contraindicationText>
<contraindicationGuidance/>
<beginAge>6 weeks</beginAge>
<endAge>5 years</endAge>
</contraindication>
</vaccineGroup>
<vaccine>
<contraindication>
<observationCode>076</observationCode>
<observationTitle>Progressive neurologic disorder</observationTitle>
<contraindicationText>Do not vaccinate if the patient has progressive neurologic disorder until a treatment regimen has been
established and the condition has stabilized.</contraindicationText>
<contraindicationGuidance/>
<contraindicatedVaccine>
<vaccineType>DTaP-IPV-Hib-HepB</vaccineType>
<cvx>146</cvx>
<beginAge/>
<endAge/>
</contraindicatedVaccine>
<contraindicatedVaccine>
<vaccineType>DTP-hepB-Hib Pentavalent Non-US</vaccineType>
<cvx>198</cvx>
<beginAge/>
<endAge/>
</contraindicatedVaccine>
</contraindication>
<contraindication>
<observationCode>079</observationCode>
<observationTitle>Encephalopathy not attributable to another identifiable cause within 7 days of administration of a previous dose of Tdap, DTP, or DTaP vaccine</observationTitle>
<contraindicationText>Do not vaccinate if the patient has had encephalopathy not attributable to another identifiable cause within 7 days of administration of a previous dose of Tdap, DTP, or DTaP vaccine.</contraindicationText>
<contraindicationGuidance/>
<contraindicatedVaccine>
<vaccineType>DTaP-IPV-Hib-HepB</vaccineType>
<cvx>146</cvx>
<beginAge/>
<endAge/>
</contraindicatedVaccine>
<contraindicatedVaccine>
<vaccineType>DTP-hepB-Hib Pentavalent Non-US</vaccineType>
<cvx>198</cvx>
<beginAge/>
<endAge/>
</contraindicatedVaccine>
</contraindication>
<contraindication>
<observationCode>104</observationCode>
<observationTitle>Allergic reaction to latex</observationTitle>
<contraindicationText>Do not vaccinate if the patient has an allergy to latex.</contraindicationText>
<contraindicationGuidance/>
<contraindicatedVaccine>
<vaccineType>PRP-T</vaccineType>
<cvx>48</cvx>
<beginAge/>
<endAge/>
</contraindicatedVaccine>
<contraindicatedVaccine>
<vaccineType>PRP-OMP</vaccineType>
<cvx>49</cvx>
<beginAge/>
<endAge/>
</contraindicatedVaccine>
<contraindicatedVaccine>
<vaccineType>Hib-Hep B</vaccineType>
<cvx>51</cvx>
<beginAge/>
<endAge/>
</contraindicatedVaccine>
</contraindication>
<contraindication>
<observationCode>110</observationCode>
<observationTitle>Hypersensitivity to yeast</observationTitle>
<contraindicationText>Do not vaccinate if the patient has a hypersensitivity to yeast.</contraindicationText>
<contraindicationGuidance/>
<contraindicatedVaccine>
<vaccineType>Hib-Hep B</vaccineType>
<cvx>51</cvx>
<beginAge/>
<endAge/>
</contraindicatedVaccine>
</contraindication>
</vaccine>
</contraindications>
<series>
<seriesName>Hib start at 2 months 4-dose series</seriesName>
<targetDisease>Hib</targetDisease>
<vaccineGroup>Hib</vaccineGroup>
<seriesAdminGuidance/>
<seriesType>Standard</seriesType>
<equivalentSeriesGroups>2</equivalentSeriesGroups>
<requiredGender/>
<selectSeries>
<defaultSeries>Yes</defaultSeries>
<productPath>No</productPath>
<seriesGroupName>Standard</seriesGroupName>
<seriesGroup>1</seriesGroup>
<seriesPriority>A</seriesPriority>
<seriesPreference>1</seriesPreference>
<minAgeToStart/>
<maxAgeToStart>7 months - 4 days</maxAgeToStart>
</selectSeries>
<indication/>
<seriesDose>
<doseNumber>Dose 1</doseNumber>
<age>
<absMinAge>6 weeks - 4 days</absMinAge>
<minAge>6 weeks</minAge>
<earliestRecAge>2 months</earliestRecAge>
<latestRecAge>3 months + 4 weeks</latestRecAge>
<maxAge>5 years</maxAge>
<effectiveDate/>
<cessationDate/>
</age>
<interval/>
<allowableInterval/>
<preferableVaccine>
<vaccineType>PRP-T</vaccineType>
<cvx>48</cvx>
<beginAge>6 weeks</beginAge>
<endAge>5 years</endAge>
<tradeName/>
<mvx/>
<volume>0.5</volume>
<forecastVaccineType>N</forecastVaccineType>
</preferableVaccine>
<preferableVaccine>
<vaccineType>PRP-OMP</vaccineType>
<cvx>49</cvx>
<beginAge>6 weeks</beginAge>
<endAge>5 years</endAge>
<tradeName/>
<mvx/>
<volume>0.5</volume>
<forecastVaccineType>N</forecastVaccineType>
</preferableVaccine>
<preferableVaccine>
<vaccineType>DTaP-Hib-IPV</vaccineType>
<cvx>120</cvx>
<beginAge>6 weeks</beginAge>
<endAge>5 years</endAge>
<tradeName/>
<mvx/>
<volume>0.5</volume>
<forecastVaccineType>N</forecastVaccineType>
</preferableVaccine>
<preferableVaccine>
<vaccineType>DTaP-IPV-Hib-HepB</vaccineType>
<cvx>146</cvx>
<beginAge>6 weeks</beginAge>
<endAge>5 years</endAge>
<tradeName/>
<mvx/>
<volume>0.5</volume>
<forecastVaccineType>N</forecastVaccineType>
</preferableVaccine>
<allowableVaccine>
<vaccineType>Hib, unspecified formulation</vaccineType>
<cvx>17</cvx>
<beginAge>6 weeks - 4 days</beginAge>
<endAge/>
</allowableVaccine>
<allowableVaccine>
<vaccineType>DTP-Hib</vaccineType>
<cvx>22</cvx>
<beginAge>6 weeks - 4 days</beginAge>
<endAge/>
</allowableVaccine>
<allowableVaccine>
<vaccineType>PRP-D</vaccineType>
<cvx>46</cvx>
<beginAge>6 weeks - 4 days</beginAge>
<endAge/>
</allowableVaccine>
<allowableVaccine>
<vaccineType>HbOC</vaccineType>
<cvx>47</cvx>
<beginAge>6 weeks - 4 days</beginAge>
<endAge/>
</allowableVaccine>
<allowableVaccine>
<vaccineType>PRP-T</vaccineType>
<cvx>48</cvx>
<beginAge>6 weeks - 4 days</beginAge>
<endAge/>
</allowableVaccine>
<allowableVaccine>
<vaccineType>PRP-OMP</vaccineType>
<cvx>49</cvx>
<beginAge>6 weeks - 4 days</beginAge>
<endAge/>
</allowableVaccine>
<allowableVaccine>
<vaccineType>Hib-Hep B</vaccineType>
<cvx>51</cvx>
<beginAge>6 weeks - 4 days</beginAge>
<endAge/>
</allowableVaccine>
<allowableVaccine>
<vaccineType>DTP-Hib-HepB</vaccineType>
<cvx>102</cvx>
<beginAge>6 weeks - 4 days</beginAge>
<endAge/>
</allowableVaccine>
<allowableVaccine>
<vaccineType>DTaP-Hib-IPV</vaccineType>
<cvx>120</cvx>
<beginAge>6 weeks - 4 days</beginAge>
<endAge/>
</allowableVaccine>
<allowableVaccine>
<vaccineType>DTaP-IPV-Hib-Hep B,historical</vaccineType>
<cvx>132</cvx>
<beginAge>6 weeks - 4 days</beginAge>
<endAge/>
</allowableVaccine>
<allowableVaccine>
<vaccineType>DTaP-IPV-Hib-Hep B</vaccineType>
<cvx>146</cvx>
<beginAge>6 weeks - 4 days</beginAge>
<endAge/>
</allowableVaccine>
<allowableVaccine>
<vaccineType>Hib-MenCY-TT</vaccineType>
<cvx>148</cvx>
<beginAge>6 weeks - 4 days</beginAge>
<endAge>19 months</endAge>
</allowableVaccine>
<allowableVaccine>
<vaccineType>DTaP-IPV-Hib</vaccineType>
<cvx>170</cvx>
<beginAge>6 weeks - 4 days</beginAge>
<endAge/>
</allowableVaccine>
<allowableVaccine>
<vaccineType>DTP-hepB-Hib Pentavalent Non-US</vaccineType>
<cvx>198</cvx>
<beginAge>6 weeks - 4 days</beginAge>
<endAge/>
</allowableVaccine>
<inadvertentVaccine/>
<conditionalSkip/>
<recurringDose>No</recurringDose>
<seasonalRecommendation/>
</seriesDose>
<seriesDose>
<doseNumber>Dose 2</doseNumber>
<age>
<absMinAge>10 weeks - 4 days</absMinAge>
<minAge>10 weeks</minAge>
<earliestRecAge>4 months</earliestRecAge>
<latestRecAge>5 months + 4 weeks</latestRecAge>
<maxAge>5 years</maxAge>
<effectiveDate/>
<cessationDate/>
</age>
<interval>
<fromPrevious>Y</fromPrevious>
<fromTargetDose/>
<fromMostRecent/>
<fromRelevantObs/>
<absMinInt>4 weeks - 4 days</absMinInt>
<minInt>4 weeks</minInt>
<earliestRecInt>8 weeks</earliestRecInt>
<latestRecInt>16 weeks</latestRecInt>
<intervalPriority/>
<effectiveDate/>
<cessationDate/>
</interval>
<allowableInterval/>
<preferableVaccine>
<vaccineType>PRP-T</vaccineType>
<cvx>48</cvx>
<beginAge>6 weeks</beginAge>
<endAge>5 years</endAge>
<tradeName/>
<mvx/>
<volume>0.5</volume>
<forecastVaccineType>N</forecastVaccineType>
</preferableVaccine>
<preferableVaccine>
<vaccineType>PRP-OMP</vaccineType>
<cvx>49</cvx>
<beginAge>6 weeks</beginAge>
<endAge>5 years</endAge>
<tradeName/>
<mvx/>
<volume>0.5</volume>
<forecastVaccineType>N</forecastVaccineType>
</preferableVaccine>
<preferableVaccine>
<vaccineType>DTaP-Hib-IPV</vaccineType>
<cvx>120</cvx>
<beginAge>6 weeks</beginAge>
<endAge>5 years</endAge>
<tradeName/>
<mvx/>
<volume>0.5</volume>
<forecastVaccineType>N</forecastVaccineType>
</preferableVaccine>
<preferableVaccine>
<vaccineType>DTaP-IPV-Hib-HepB</vaccineType>
<cvx>146</cvx>
<beginAge>6 weeks</beginAge>
<endAge>5 years</endAge>
<tradeName/>
<mvx/>
<volume>0.5</volume>
<forecastVaccineType>N</forecastVaccineType>
</preferableVaccine>
<allowableVaccine>
<vaccineType>Hib, unspecified formulation</vaccineType>
<cvx>17</cvx>
<beginAge>6 weeks - 4 days</beginAge>
<endAge/>
</allowableVaccine>
<allowableVaccine>
<vaccineType>DTP-Hib</vaccineType>
<cvx>22</cvx>
<beginAge>6 weeks - 4 days</beginAge>
<endAge/>
</allowableVaccine>
<allowableVaccine>
<vaccineType>PRP-D</vaccineType>
<cvx>46</cvx>
<beginAge>6 weeks - 4 days</beginAge>
<endAge/>
</allowableVaccine>
<allowableVaccine>
<vaccineType>HbOC</vaccineType>
<cvx>47</cvx>
<beginAge>6 weeks - 4 days</beginAge>
<endAge/>
</allowableVaccine>
<allowableVaccine>
<vaccineType>PRP-T</vaccineType>
<cvx>48</cvx>
<beginAge>6 weeks - 4 days</beginAge>
<endAge/>
</allowableVaccine>
<allowableVaccine>
<vaccineType>PRP-OMP</vaccineType>
<cvx>49</cvx>
<beginAge>6 weeks - 4 days</beginAge>
<endAge/>
</allowableVaccine>
<allowableVaccine>
<vaccineType>Hib-Hep B</vaccineType>
<cvx>51</cvx>
<beginAge>6 weeks - 4 days</beginAge>
<endAge/>
</allowableVaccine>
<allowableVaccine>
<vaccineType>DTP-Hib-HepB</vaccineType>
<cvx>102</cvx>
<beginAge>6 weeks - 4 days</beginAge>
<endAge/>
</allowableVaccine>
<allowableVaccine>
<vaccineType>DTaP-Hib-IPV</vaccineType>
<cvx>120</cvx>
<beginAge>6 weeks - 4 days</beginAge>
<endAge/>
</allowableVaccine>
<allowableVaccine>
<vaccineType>DTaP-IPV-Hib-Hep B,historical</vaccineType>
<cvx>132</cvx>
<beginAge>6 weeks - 4 days</beginAge>
<endAge/>
</allowableVaccine>
<allowableVaccine>
<vaccineType>DTaP-IPV-Hib-Hep B</vaccineType>
<cvx>146</cvx>
<beginAge>6 weeks - 4 days</beginAge>
<endAge/>
</allowableVaccine>
<allowableVaccine>
<vaccineType>Hib-MenCY-TT</vaccineType>
<cvx>148</cvx>
<beginAge>6 weeks - 4 days</beginAge>
<endAge>19 months</endAge>
</allowableVaccine>
<allowableVaccine>
<vaccineType>DTaP-IPV-Hib</vaccineType>
<cvx>170</cvx>
<beginAge>6 weeks - 4 days</beginAge>
<endAge/>
</allowableVaccine>
<allowableVaccine>
<vaccineType>DTP-hepB-Hib Pentavalent Non-US</vaccineType>
<cvx>198</cvx>
<beginAge>6 weeks - 4 days</beginAge>
<endAge/>
</allowableVaccine>
<inadvertentVaccine/>
<conditionalSkip>
<context>Evaluation</context>
<setLogic>n/a</setLogic>
<set>
<setID>1</setID>
<setDescription>Target Dose is not required if the current dose was administered on or after 15 months - 4 days of age.</setDescription>
<effectiveDate/>
<cessationDate/>
<conditionLogic/>
<condition>
<conditionID>1</conditionID>
<conditionType>Age</conditionType>
<startDate/>
<endDate/>
<beginAge>15 months - 4 days</beginAge>
<endAge/>
<interval/>
<doseCount/>
<doseType/>
<doseCountLogic/>
<vaccineTypes/>
<seriesGroups/>
</condition>
</set>
</conditionalSkip>
<conditionalSkip>
<context>Forecast</context>
<setLogic>n/a</setLogic>
<set>
<setID>2</setID>
<setDescription>Dose is not required for those 15 months or older</setDescription>
<effectiveDate/>
<cessationDate/>
<conditionLogic/>
<condition>
<conditionID>1</conditionID>
<conditionType>Age</conditionType>
<startDate/>
<endDate/>
<beginAge>15 months</beginAge>
<endAge/>
<interval/>
<doseCount/>
<doseType/>
<doseCountLogic/>
<vaccineTypes/>
<seriesGroups/>
</condition>
</set>
</conditionalSkip>
<recurringDose>No</recurringDose>
<seasonalRecommendation/>
</seriesDose>
<seriesDose>
<doseNumber>Dose 3</doseNumber>
<age>
<absMinAge>14 weeks - 4 days</absMinAge>
<minAge>14 weeks</minAge>
<earliestRecAge>6 months</earliestRecAge>
<latestRecAge>7 months + 4 weeks</latestRecAge>
<maxAge>5 years</maxAge>
<effectiveDate/>
<cessationDate/>
</age>
<interval>
<fromPrevious>Y</fromPrevious>
<fromTargetDose/>
<fromMostRecent/>
<fromRelevantObs/>
<absMinInt>4 weeks - 4 days</absMinInt>
<minInt>4 weeks</minInt>
<earliestRecInt>8 weeks</earliestRecInt>
<latestRecInt>16 weeks</latestRecInt>
<intervalPriority/>
<effectiveDate/>
<cessationDate/>
</interval>
<allowableInterval/>
<preferableVaccine>
<vaccineType>PRP-T</vaccineType>
<cvx>48</cvx>
<beginAge>6 weeks</beginAge>
<endAge>5 years</endAge>
<tradeName/>
<mvx/>
<volume>0.5</volume>
<forecastVaccineType>N</forecastVaccineType>
</preferableVaccine>
<preferableVaccine>
<vaccineType>PRP-OMP</vaccineType>
<cvx>49</cvx>
<beginAge>6 weeks</beginAge>
<endAge>5 years</endAge>
<tradeName/>
<mvx/>
<volume>0.5</volume>
<forecastVaccineType>N</forecastVaccineType>
</preferableVaccine>
<preferableVaccine>
<vaccineType>DTaP-Hib-IPV</vaccineType>
<cvx>120</cvx>
<beginAge>6 weeks</beginAge>
<endAge>5 years</endAge>
<tradeName/>
<mvx/>
<volume>0.5</volume>
<forecastVaccineType>N</forecastVaccineType>
</preferableVaccine>
<preferableVaccine>
<vaccineType>DTaP-IPV-Hib-HepB</vaccineType>
<cvx>146</cvx>
<beginAge>6 weeks</beginAge>
<endAge>5 years</endAge>
<tradeName/>
<mvx/>
<volume>0.5</volume>
<forecastVaccineType>N</forecastVaccineType>
</preferableVaccine>
<allowableVaccine>
<vaccineType>Hib, unspecified formulation</vaccineType>
<cvx>17</cvx>
<beginAge>6 weeks - 4 days</beginAge>
<endAge/>
</allowableVaccine>
<allowableVaccine>
<vaccineType>DTP-Hib</vaccineType>
<cvx>22</cvx>
<beginAge>6 weeks - 4 days</beginAge>
<endAge/>
</allowableVaccine>
<allowableVaccine>
<vaccineType>PRP-D</vaccineType>
<cvx>46</cvx>
<beginAge>6 weeks - 4 days</beginAge>
<endAge/>
</allowableVaccine>
<allowableVaccine>
<vaccineType>HbOC</vaccineType>
<cvx>47</cvx>
<beginAge>6 weeks - 4 days</beginAge>
<endAge/>
</allowableVaccine>
<allowableVaccine>
<vaccineType>PRP-T</vaccineType>
<cvx>48</cvx>
<beginAge>6 weeks - 4 days</beginAge>
<endAge/>
</allowableVaccine>
<allowableVaccine>
<vaccineType>PRP-OMP</vaccineType>
<cvx>49</cvx>
<beginAge>6 weeks - 4 days</beginAge>
<endAge/>
</allowableVaccine>
<allowableVaccine>
<vaccineType>DTaP/Hib</vaccineType>
<cvx>50</cvx>
<beginAge>12 months - 4 days</beginAge>
<endAge/>
</allowableVaccine>
<allowableVaccine>
<vaccineType>Hib-Hep B</vaccineType>
<cvx>51</cvx>
<beginAge>6 weeks - 4 days</beginAge>
<endAge/>
</allowableVaccine>
<allowableVaccine>
<vaccineType>DTP-Hib-HepB</vaccineType>
<cvx>102</cvx>
<beginAge>6 weeks - 4 days</beginAge>
<endAge/>
</allowableVaccine>
<allowableVaccine>
<vaccineType>DTaP-Hib-IPV</vaccineType>
<cvx>120</cvx>
<beginAge>6 weeks - 4 days</beginAge>
<endAge/>
</allowableVaccine>
<allowableVaccine>
<vaccineType>DTaP-IPV-Hib-Hep B,historical</vaccineType>
<cvx>132</cvx>
<beginAge>6 weeks - 4 days</beginAge>
<endAge/>
</allowableVaccine>
<allowableVaccine>
<vaccineType>DTaP-IPV-Hib-Hep B</vaccineType>
<cvx>146</cvx>
<beginAge>6 weeks - 4 days</beginAge>
<endAge/>
</allowableVaccine>
<allowableVaccine>
<vaccineType>Hib-MenCY-TT</vaccineType>
<cvx>148</cvx>
<beginAge>6 weeks - 4 days</beginAge>
<endAge>19 months</endAge>
</allowableVaccine>
<allowableVaccine>
<vaccineType>DTaP-IPV-Hib</vaccineType>
<cvx>170</cvx>
<beginAge>6 weeks - 4 days</beginAge>
<endAge/>
</allowableVaccine>
<allowableVaccine>
<vaccineType>DTP-hepB-Hib Pentavalent Non-US</vaccineType>
<cvx>198</cvx>
<beginAge>6 weeks - 4 days</beginAge>
<endAge/>
</allowableVaccine>
<inadvertentVaccine/>
<conditionalSkip>
<context>Evaluation</context>
<setLogic>OR</setLogic>
<set>
<setID>1</setID>
<setDescription>Target Dose is not required if the current dose was administered on or after 12 months of age.</setDescription>
<effectiveDate/>
<cessationDate/>
<conditionLogic/>
<condition>
<conditionID>1</conditionID>
<conditionType>Age</conditionType>
<startDate/>
<endDate/>
<beginAge>12 months</beginAge>
<endAge/>
<interval/>
<doseCount/>
<doseType/>
<doseCountLogic/>
<vaccineTypes/>
<seriesGroups/>
</condition>
</set>
<set>
<setID>2</setID>
<setDescription>Target Dose is not required if the current dose was administered on or after 12 months - 4 days of age AND the previous dose was administered at least 8 weeks - 4 day from the current dose.</setDescription>
<effectiveDate/>
<cessationDate/>
<conditionLogic>AND</conditionLogic>
<condition>
<conditionID>1</conditionID>
<conditionType>Age</conditionType>
<startDate/>
<endDate/>
<beginAge>12 months - 4 days</beginAge>
<endAge/>
<interval/>
<doseCount/>
<doseType/>
<doseCountLogic/>
<vaccineTypes/>
<seriesGroups/>
</condition>
<condition>
<conditionID>2</conditionID>
<conditionType>Interval</conditionType>
<startDate/>
<endDate/>
<beginAge/>
<endAge/>
<interval>8 weeks - 4 days</interval>
<doseCount/>
<doseType/>
<doseCountLogic/>
<vaccineTypes/>
<seriesGroups/>
</condition>
</set>
</conditionalSkip>
<conditionalSkip>
<context>Forecast</context>
<setLogic>n/a</setLogic>
<set>
<setID>3</setID>
<setDescription>Dose is not required for those 12 months or older</setDescription>
<effectiveDate/>
<cessationDate/>
<conditionLogic/>
<condition>
<conditionID>1</conditionID>
<conditionType>Age</conditionType>
<startDate/>
<endDate/>
<beginAge>12 months</beginAge>
<endAge/>
<interval/>
<doseCount/>
<doseType/>
<doseCountLogic/>
<vaccineTypes/>
<seriesGroups/>
</condition>
</set>
</conditionalSkip>
<recurringDose>No</recurringDose>
<seasonalRecommendation/>
</seriesDose>
<seriesDose>
<doseNumber>Dose 4</doseNumber>
<age>
<absMinAge>12 months - 4 days</absMinAge>
<minAge>12 months</minAge>
<earliestRecAge>12 months</earliestRecAge>
<latestRecAge>16 months + 4 weeks</latestRecAge>
<maxAge>5 years</maxAge>
<effectiveDate/>
<cessationDate/>
</age>
<interval>
<fromPrevious>Y</fromPrevious>
<fromTargetDose/>
<fromMostRecent/>
<fromRelevantObs/>
<absMinInt>8 weeks - 4 days</absMinInt>
<minInt>8 weeks</minInt>
<earliestRecInt>6 months</earliestRecInt>
<latestRecInt>10 months + 4 weeks</latestRecInt>
<intervalPriority/>
<effectiveDate/>
<cessationDate/>
</interval>
<allowableInterval/>
<preferableVaccine>
<vaccineType>PRP-T</vaccineType>
<cvx>48</cvx>
<beginAge>6 weeks</beginAge>
<endAge>5 years</endAge>
<tradeName/>
<mvx/>
<volume>0.5</volume>
<forecastVaccineType>N</forecastVaccineType>
</preferableVaccine>
<preferableVaccine>
<vaccineType>PRP-OMP</vaccineType>
<cvx>49</cvx>
<beginAge>6 weeks</beginAge>
<endAge>5 years</endAge>
<tradeName/>
<mvx/>
<volume>0.5</volume>
<forecastVaccineType>N</forecastVaccineType>
</preferableVaccine>
<preferableVaccine>
<vaccineType>DTaP-Hib-IPV</vaccineType>
<cvx>120</cvx>
<beginAge>6 weeks</beginAge>
<endAge>5 years</endAge>
<tradeName/>
<mvx/>
<volume>0.5</volume>
<forecastVaccineType>N</forecastVaccineType>
</preferableVaccine>
<allowableVaccine>
<vaccineType>Hib, unspecified formulation</vaccineType>
<cvx>17</cvx>
<beginAge>6 weeks - 4 days</beginAge>
<endAge/>
</allowableVaccine>
<allowableVaccine>
<vaccineType>DTP-Hib</vaccineType>
<cvx>22</cvx>
<beginAge>6 weeks - 4 days</beginAge>
<endAge/>
</allowableVaccine>
<allowableVaccine>
<vaccineType>PRP-D</vaccineType>
<cvx>46</cvx>
<beginAge>6 weeks - 4 days</beginAge>
<endAge/>
</allowableVaccine>
<allowableVaccine>
<vaccineType>HbOC</vaccineType>
<cvx>47</cvx>
<beginAge>6 weeks - 4 days</beginAge>
<endAge/>
</allowableVaccine>
<allowableVaccine>
<vaccineType>PRP-T</vaccineType>
<cvx>48</cvx>
<beginAge>6 weeks - 4 days</beginAge>
<endAge/>
</allowableVaccine>
<allowableVaccine>
<vaccineType>PRP-OMP</vaccineType>
<cvx>49</cvx>
<beginAge>6 weeks - 4 days</beginAge>
<endAge/>
</allowableVaccine>
<allowableVaccine>
<vaccineType>DTaP/Hib</vaccineType>
<cvx>50</cvx>
<beginAge>12 months - 4 days</beginAge>
<endAge/>
</allowableVaccine>
<allowableVaccine>
<vaccineType>Hib-Hep B</vaccineType>
<cvx>51</cvx>
<beginAge>6 weeks - 4 days</beginAge>
<endAge/>
</allowableVaccine>
<allowableVaccine>
<vaccineType>DTP-Hib-HepB</vaccineType>
<cvx>102</cvx>
<beginAge>6 weeks - 4 days</beginAge>
<endAge/>
</allowableVaccine>
<allowableVaccine>
<vaccineType>DTaP-Hib-IPV</vaccineType>
<cvx>120</cvx>
<beginAge>6 weeks - 4 days</beginAge>
<endAge/>
</allowableVaccine>
<allowableVaccine>
<vaccineType>DTaP-IPV-Hib-Hep B,historical</vaccineType>
<cvx>132</cvx>
<beginAge>6 weeks - 4 days</beginAge>
<endAge/>
</allowableVaccine>
<allowableVaccine>
<vaccineType>DTaP-IPV-Hib-Hep B</vaccineType>
<cvx>146</cvx>
<beginAge>6 weeks - 4 days</beginAge>
<endAge/>
</allowableVaccine>
<allowableVaccine>
<vaccineType>Hib-MenCY-TT</vaccineType>
<cvx>148</cvx>
<beginAge>6 weeks - 4 days</beginAge>
<endAge>19 months</endAge>
</allowableVaccine>
<allowableVaccine>
<vaccineType>DTaP-IPV-Hib</vaccineType>
<cvx>170</cvx>
<beginAge>6 weeks - 4 days</beginAge>
<endAge/>
</allowableVaccine>
<allowableVaccine>
<vaccineType>DTP-hepB-Hib Pentavalent Non-US</vaccineType>
<cvx>198</cvx>
<beginAge>6 weeks - 4 days</beginAge>
<endAge/>
</allowableVaccine>
<inadvertentVaccine/>
<conditionalSkip/>
<recurringDose>No</recurringDose>
<seasonalRecommendation/>
</seriesDose>
</series>
<series>
<seriesName>Hib start at 7 months 3-dose series</seriesName>
<targetDisease>Hib</targetDisease>
<vaccineGroup>Hib</vaccineGroup>
<seriesAdminGuidance/>
<seriesType>Standard</seriesType>
<equivalentSeriesGroups>2</equivalentSeriesGroups>
<requiredGender/>
<selectSeries>
<defaultSeries>No</defaultSeries>
<productPath>No</productPath>
<seriesGroupName>Standard</seriesGroupName>
<seriesGroup>1</seriesGroup>
<seriesPriority>A</seriesPriority>
<seriesPreference>3</seriesPreference>
<minAgeToStart/>
<maxAgeToStart>12 months - 4 days</maxAgeToStart>
</selectSeries>
<indication/>
<seriesDose>
<doseNumber>Dose 1</doseNumber>
<age>
<absMinAge>7 months - 4 days</absMinAge>
<minAge>7 months</minAge>
<earliestRecAge/>
<latestRecAge/>
<maxAge>5 years</maxAge>
<effectiveDate/>
<cessationDate/>
</age>
<interval/>
<allowableInterval/>
<preferableVaccine>
<vaccineType>PRP-T</vaccineType>
<cvx>48</cvx>
<beginAge>6 weeks</beginAge>
<endAge>5 years</endAge>
<tradeName/>
<mvx/>
<volume>0.5</volume>
<forecastVaccineType>N</forecastVaccineType>
</preferableVaccine>
<preferableVaccine>
<vaccineType>PRP-OMP</vaccineType>
<cvx>49</cvx>
<beginAge>6 weeks</beginAge>
<endAge>5 years</endAge>
<tradeName/>
<mvx/>
<volume>0.5</volume>
<forecastVaccineType>N</forecastVaccineType>
</preferableVaccine>
<preferableVaccine>
<vaccineType>DTaP-Hib-IPV</vaccineType>
<cvx>120</cvx>
<beginAge>6 weeks</beginAge>
<endAge>5 years</endAge>
<tradeName/>
<mvx/>
<volume>0.5</volume>
<forecastVaccineType>N</forecastVaccineType>
</preferableVaccine>
<preferableVaccine>
<vaccineType>DTaP-IPV-Hib-HepB</vaccineType>
<cvx>146</cvx>
<beginAge>6 weeks</beginAge>
<endAge>5 years</endAge>
<tradeName/>
<mvx/>
<volume>0.5</volume>
<forecastVaccineType>N</forecastVaccineType>
</preferableVaccine>
<allowableVaccine>
<vaccineType>Hib, unspecified formulation</vaccineType>
<cvx>17</cvx>
<beginAge>6 weeks - 4 days</beginAge>
<endAge/>
</allowableVaccine>
<allowableVaccine>
<vaccineType>DTP-Hib</vaccineType>
<cvx>22</cvx>
<beginAge>6 weeks - 4 days</beginAge>
<endAge/>
</allowableVaccine>
<allowableVaccine>
<vaccineType>PRP-D</vaccineType>
<cvx>46</cvx>
<beginAge>6 weeks - 4 days</beginAge>
<endAge/>
</allowableVaccine>
<allowableVaccine>
<vaccineType>HbOC</vaccineType>
<cvx>47</cvx>
<beginAge>6 weeks - 4 days</beginAge>
<endAge/>
</allowableVaccine>
<allowableVaccine>
<vaccineType>PRP-T</vaccineType>
<cvx>48</cvx>
<beginAge>6 weeks - 4 days</beginAge>
<endAge/>
</allowableVaccine>
<allowableVaccine>
<vaccineType>PRP-OMP</vaccineType>
<cvx>49</cvx>
<beginAge>6 weeks - 4 days</beginAge>
<endAge/>
</allowableVaccine>
<allowableVaccine>
<vaccineType>Hib-Hep B</vaccineType>
<cvx>51</cvx>
<beginAge>6 weeks - 4 days</beginAge>
<endAge/>
</allowableVaccine>
<allowableVaccine>
<vaccineType>DTP-Hib-HepB</vaccineType>
<cvx>102</cvx>
<beginAge>6 weeks - 4 days</beginAge>
<endAge/>
</allowableVaccine>
<allowableVaccine>
<vaccineType>DTaP-Hib-IPV</vaccineType>
<cvx>120</cvx>
<beginAge>6 weeks - 4 days</beginAge>
<endAge/>
</allowableVaccine>
<allowableVaccine>
<vaccineType>DTaP-IPV-Hib-Hep B,historical</vaccineType>
<cvx>132</cvx>
<beginAge>6 weeks - 4 days</beginAge>
<endAge/>
</allowableVaccine>
<allowableVaccine>
<vaccineType>DTaP-IPV-Hib-Hep B</vaccineType>
<cvx>146</cvx>
<beginAge>6 weeks - 4 days</beginAge>
<endAge/>
</allowableVaccine>
<allowableVaccine>
<vaccineType>Hib-MenCY-TT</vaccineType>
<cvx>148</cvx>
<beginAge>6 weeks - 4 days</beginAge>
<endAge>19 months</endAge>
</allowableVaccine>
<allowableVaccine>
<vaccineType>DTaP-IPV-Hib</vaccineType>
<cvx>170</cvx>
<beginAge>6 weeks - 4 days</beginAge>
<endAge/>
</allowableVaccine>
<allowableVaccine>
<vaccineType>DTP-hepB-Hib Pentavalent Non-US</vaccineType>
<cvx>198</cvx>
<beginAge>6 weeks - 4 days</beginAge>
<endAge/>
</allowableVaccine>
<inadvertentVaccine/>
<conditionalSkip/>
<recurringDose>No</recurringDose>
<seasonalRecommendation/>
</seriesDose>
<seriesDose>
<doseNumber>Dose 2</doseNumber>
<age>
<absMinAge/>
<minAge/>
<earliestRecAge/>
<latestRecAge/>
<maxAge>5 years</maxAge>
<effectiveDate/>
<cessationDate/>
</age>
<interval>
<fromPrevious>Y</fromPrevious>
<fromTargetDose/>
<fromMostRecent/>
<fromRelevantObs/>
<absMinInt>4 weeks - 4 days</absMinInt>
<minInt>4 weeks</minInt>
<earliestRecInt>4 weeks</earliestRecInt>
<latestRecInt>4 weeks</latestRecInt>
<intervalPriority/>
<effectiveDate/>
<cessationDate/>
</interval>
<allowableInterval/>
<preferableVaccine>
<vaccineType>PRP-T</vaccineType>
<cvx>48</cvx>
<beginAge>6 weeks</beginAge>
<endAge>5 years</endAge>
<tradeName/>
<mvx/>
<volume>0.5</volume>
<forecastVaccineType>N</forecastVaccineType>
</preferableVaccine>
<preferableVaccine>
<vaccineType>PRP-OMP</vaccineType>
<cvx>49</cvx>
<beginAge>6 weeks</beginAge>
<endAge>5 years</endAge>
<tradeName/>
<mvx/>
<volume>0.5</volume>
<forecastVaccineType>N</forecastVaccineType>
</preferableVaccine>
<preferableVaccine>
<vaccineType>DTaP-Hib-IPV</vaccineType>
<cvx>120</cvx>
<beginAge>6 weeks</beginAge>
<endAge>5 years</endAge>
<tradeName/>
<mvx/>
<volume>0.5</volume>
<forecastVaccineType>N</forecastVaccineType>
</preferableVaccine>
<preferableVaccine>
<vaccineType>DTaP-IPV-Hib-HepB</vaccineType>
<cvx>146</cvx>
<beginAge>6 weeks</beginAge>
<endAge>5 years</endAge>
<tradeName/>
<mvx/>
<volume>0.5</volume>
<forecastVaccineType>N</forecastVaccineType>
</preferableVaccine>
<allowableVaccine>
<vaccineType>Hib, unspecified formulation</vaccineType>
<cvx>17</cvx>
<beginAge>6 weeks - 4 days</beginAge>
<endAge/>
</allowableVaccine>
<allowableVaccine>
<vaccineType>DTP-Hib</vaccineType>
<cvx>22</cvx>
<beginAge>6 weeks - 4 days</beginAge>
<endAge/>
</allowableVaccine>
<allowableVaccine>
<vaccineType>PRP-D</vaccineType>
<cvx>46</cvx>
<beginAge>6 weeks - 4 days</beginAge>
<endAge/>
</allowableVaccine>
<allowableVaccine>
<vaccineType>HbOC</vaccineType>
<cvx>47</cvx>
<beginAge>6 weeks - 4 days</beginAge>
<endAge/>
</allowableVaccine>
<allowableVaccine>
<vaccineType>PRP-T</vaccineType>
<cvx>48</cvx>
<beginAge>6 weeks - 4 days</beginAge>
<endAge/>
</allowableVaccine>
<allowableVaccine>
<vaccineType>PRP-OMP</vaccineType>
<cvx>49</cvx>
<beginAge>6 weeks - 4 days</beginAge>
<endAge/>
</allowableVaccine>
<allowableVaccine>
<vaccineType>DTaP/Hib</vaccineType>
<cvx>50</cvx>
<beginAge>12 months - 4 days</beginAge>
<endAge/>
</allowableVaccine>
<allowableVaccine>
<vaccineType>Hib-Hep B</vaccineType>
<cvx>51</cvx>
<beginAge>6 weeks - 4 days</beginAge>
<endAge/>
</allowableVaccine>
<allowableVaccine>
<vaccineType>DTP-Hib-HepB</vaccineType>
<cvx>102</cvx>
<beginAge>6 weeks - 4 days</beginAge>
<endAge/>
</allowableVaccine>
<allowableVaccine>
<vaccineType>DTaP-Hib-IPV</vaccineType>
<cvx>120</cvx>
<beginAge>6 weeks - 4 days</beginAge>
<endAge/>
</allowableVaccine>
<allowableVaccine>
<vaccineType>DTaP-IPV-Hib-Hep B,historical</vaccineType>
<cvx>132</cvx>
<beginAge>6 weeks - 4 days</beginAge>
<endAge/>
</allowableVaccine>
<allowableVaccine>
<vaccineType>DTaP-IPV-Hib-Hep B</vaccineType>
<cvx>146</cvx>
<beginAge>6 weeks - 4 days</beginAge>
<endAge/>
</allowableVaccine>
<allowableVaccine>
<vaccineType>Hib-MenCY-TT</vaccineType>
<cvx>148</cvx>
<beginAge>6 weeks - 4 days</beginAge>
<endAge>19 months</endAge>
</allowableVaccine>
<allowableVaccine>
<vaccineType>DTaP-IPV-Hib</vaccineType>
<cvx>170</cvx>
<beginAge>6 weeks - 4 days</beginAge>
<endAge/>
</allowableVaccine>
<allowableVaccine>
<vaccineType>DTP-hepB-Hib Pentavalent Non-US</vaccineType>
<cvx>198</cvx>
<beginAge>6 weeks - 4 days</beginAge>
<endAge/>
</allowableVaccine>
<inadvertentVaccine/>
<conditionalSkip>
<context>Evaluation</context>
<setLogic>OR</setLogic>
<set>
<setID>1</setID>
<setDescription>Target Dose is not required if the current dose was administered on or after 15 months of age.</setDescription>
<effectiveDate/>
<cessationDate/>
<conditionLogic/>
<condition>
<conditionID>1</conditionID>
<conditionType>Age</conditionType>
<startDate/>
<endDate/>
<beginAge>15 months</beginAge>
<endAge/>
<interval/>
<doseCount/>
<doseType/>
<doseCountLogic/>
<vaccineTypes/>
<seriesGroups/>
</condition>
</set>
<set>
<setID>2</setID>
<setDescription>Target Dose is not required if the current dose was administered on or after 15 months - 4 days of age AND the previous dose was administered at least 8 weeks - 4 day from the current dose.</setDescription>
<effectiveDate/>
<cessationDate/>
<conditionLogic>AND</conditionLogic>
<condition>
<conditionID>1</conditionID>
<conditionType>Age</conditionType>
<startDate/>
<endDate/>
<beginAge>15 months - 4 days</beginAge>
<endAge/>
<interval/>
<doseCount/>
<doseType/>
<doseCountLogic/>
<vaccineTypes/>
<seriesGroups/>
</condition>
<condition>
<conditionID>2</conditionID>
<conditionType>Interval</conditionType>
<startDate/>
<endDate/>
<beginAge/>
<endAge/>
<interval>8 weeks - 4 days</interval>
<doseCount/>
<doseType/>
<doseCountLogic/>
<vaccineTypes/>
<seriesGroups/>
</condition>
</set>
</conditionalSkip>
<conditionalSkip>
<context>Forecast</context>
<setLogic>n/a</setLogic>
<set>
<setID>3</setID>
<setDescription>Dose is not required for those 15 months or older</setDescription>
<effectiveDate/>
<cessationDate/>
<conditionLogic/>
<condition>
<conditionID>1</conditionID>
<conditionType>Age</conditionType>
<startDate/>
<endDate/>
<beginAge>15 months</beginAge>
<endAge/>
<interval/>
<doseCount/>
<doseType/>
<doseCountLogic/>
<vaccineTypes/>
<seriesGroups/>
</condition>
</set>
</conditionalSkip>
<recurringDose>No</recurringDose>
<seasonalRecommendation/>
</seriesDose>
<seriesDose>
<doseNumber>Dose 3</doseNumber>
<age>
<absMinAge>12 months - 4 days</absMinAge>
<minAge>12 months</minAge>
<earliestRecAge>12 months</earliestRecAge>
<latestRecAge>16 months + 4 weeks</latestRecAge>
<maxAge>5 years</maxAge>
<effectiveDate/>
<cessationDate/>
</age>
<interval>
<fromPrevious>Y</fromPrevious>
<fromTargetDose/>
<fromMostRecent/>
<fromRelevantObs/>
<absMinInt>8 weeks - 4 days</absMinInt>
<minInt>8 weeks</minInt>
<earliestRecInt>8 weeks</earliestRecInt>
<latestRecInt>8 weeks</latestRecInt>
<intervalPriority/>
<effectiveDate/>
<cessationDate/>
</interval>
<allowableInterval/>
<preferableVaccine>
<vaccineType>PRP-T</vaccineType>
<cvx>48</cvx>
<beginAge>6 weeks</beginAge>
<endAge>5 years</endAge>
<tradeName/>
<mvx/>
<volume>0.5</volume>
<forecastVaccineType>N</forecastVaccineType>
</preferableVaccine>
<preferableVaccine>
<vaccineType>PRP-OMP</vaccineType>
<cvx>49</cvx>
<beginAge>6 weeks</beginAge>
<endAge>5 years</endAge>
<tradeName/>
<mvx/>
<volume>0.5</volume>
<forecastVaccineType>N</forecastVaccineType>
</preferableVaccine>
<preferableVaccine>
<vaccineType>DTaP-Hib-IPV</vaccineType>
<cvx>120</cvx>
<beginAge>6 weeks</beginAge>
<endAge>5 years</endAge>
<tradeName/>
<mvx/>
<volume>0.5</volume>
<forecastVaccineType>N</forecastVaccineType>
</preferableVaccine>
<allowableVaccine>
<vaccineType>Hib, unspecified formulation</vaccineType>
<cvx>17</cvx>
<beginAge>6 weeks - 4 days</beginAge>
<endAge/>
</allowableVaccine>
<allowableVaccine>
<vaccineType>DTP-Hib</vaccineType>
<cvx>22</cvx>
<beginAge>6 weeks - 4 days</beginAge>
<endAge/>
</allowableVaccine>
<allowableVaccine>
<vaccineType>PRP-D</vaccineType>
<cvx>46</cvx>
<beginAge>6 weeks - 4 days</beginAge>
<endAge/>
</allowableVaccine>
<allowableVaccine>
<vaccineType>HbOC</vaccineType>
<cvx>47</cvx>
<beginAge>6 weeks - 4 days</beginAge>
<endAge/>
</allowableVaccine>
<allowableVaccine>
<vaccineType>PRP-T</vaccineType>
<cvx>48</cvx>
<beginAge>6 weeks - 4 days</beginAge>
<endAge/>
</allowableVaccine>
<allowableVaccine>
<vaccineType>PRP-OMP</vaccineType>
<cvx>49</cvx>
<beginAge>6 weeks - 4 days</beginAge>
<endAge/>
</allowableVaccine>
<allowableVaccine>
<vaccineType>DTaP/Hib</vaccineType>
<cvx>50</cvx>
<beginAge>12 months - 4 days</beginAge>
<endAge/>
</allowableVaccine>
<allowableVaccine>
<vaccineType>Hib-Hep B</vaccineType>
<cvx>51</cvx>
<beginAge>6 weeks - 4 days</beginAge>
<endAge/>
</allowableVaccine>
<allowableVaccine>
<vaccineType>DTP-Hib-HepB</vaccineType>
<cvx>102</cvx>
<beginAge>6 weeks - 4 days</beginAge>
<endAge/>
</allowableVaccine>
<allowableVaccine>
<vaccineType>DTaP-Hib-IPV</vaccineType>
<cvx>120</cvx>
<beginAge>6 weeks - 4 days</beginAge>
<endAge/>
</allowableVaccine>
<allowableVaccine>
<vaccineType>DTaP-IPV-Hib-Hep B,historical</vaccineType>
<cvx>132</cvx>
<beginAge>6 weeks - 4 days</beginAge>
<endAge/>
</allowableVaccine>
<allowableVaccine>
<vaccineType>DTaP-IPV-Hib-Hep B</vaccineType>
<cvx>146</cvx>
<beginAge>6 weeks - 4 days</beginAge>
<endAge/>
</allowableVaccine>
<allowableVaccine>
<vaccineType>Hib-MenCY-TT</vaccineType>
<cvx>148</cvx>
<beginAge>6 weeks - 4 days</beginAge>
<endAge>19 months</endAge>
</allowableVaccine>
<allowableVaccine>
<vaccineType>DTaP-IPV-Hib</vaccineType>
<cvx>170</cvx>
<beginAge>6 weeks - 4 days</beginAge>
<endAge/>
</allowableVaccine>
<allowableVaccine>
<vaccineType>DTP-hepB-Hib Pentavalent Non-US</vaccineType>
<cvx>198</cvx>
<beginAge>6 weeks - 4 days</beginAge>
<endAge/>
</allowableVaccine>
<inadvertentVaccine/>
<conditionalSkip/>
<recurringDose>No</recurringDose>
<seasonalRecommendation/>
</seriesDose>
</series>
<series>
<seriesName>Hib start at 12 months 2-dose series</seriesName>
<targetDisease>Hib</targetDisease>
<vaccineGroup>Hib</vaccineGroup>
<seriesAdminGuidance/>
<seriesType>Standard</seriesType>
<equivalentSeriesGroups>2</equivalentSeriesGroups>
<requiredGender/>
<selectSeries>
<defaultSeries>No</defaultSeries>
<productPath>No</productPath>
<seriesGroupName>Standard</seriesGroupName>
<seriesGroup>1</seriesGroup>
<seriesPriority>A</seriesPriority>
<seriesPreference>4</seriesPreference>
<minAgeToStart/>
<maxAgeToStart>15 months - 4 days</maxAgeToStart>
</selectSeries>
<indication/>
<seriesDose>
<doseNumber>Dose 1</doseNumber>
<age>
<absMinAge>12 months - 4 days</absMinAge>
<minAge>12 months</minAge>
<earliestRecAge/>
<latestRecAge/>
<maxAge>5 years</maxAge>
<effectiveDate/>
<cessationDate/>
</age>
<interval/>
<allowableInterval/>
<preferableVaccine>
<vaccineType>PRP-T</vaccineType>
<cvx>48</cvx>
<beginAge>6 weeks</beginAge>
<endAge>5 years</endAge>
<tradeName/>
<mvx/>
<volume>0.5</volume>
<forecastVaccineType>N</forecastVaccineType>
</preferableVaccine>
<preferableVaccine>
<vaccineType>PRP-OMP</vaccineType>
<cvx>49</cvx>
<beginAge>6 weeks</beginAge>
<endAge>5 years</endAge>
<tradeName/>
<mvx/>
<volume>0.5</volume>
<forecastVaccineType>N</forecastVaccineType>
</preferableVaccine>
<preferableVaccine>
<vaccineType>DTaP-Hib-IPV</vaccineType>
<cvx>120</cvx>
<beginAge>6 weeks</beginAge>
<endAge>5 years</endAge>
<tradeName/>
<mvx/>
<volume>0.5</volume>
<forecastVaccineType>N</forecastVaccineType>
</preferableVaccine>
<preferableVaccine>
<vaccineType>DTaP-IPV-Hib-HepB</vaccineType>
<cvx>146</cvx>
<beginAge>6 weeks</beginAge>
<endAge>5 years</endAge>
<tradeName/>
<mvx/>
<volume>0.5</volume>
<forecastVaccineType>N</forecastVaccineType>
</preferableVaccine>
<allowableVaccine>
<vaccineType>Hib, unspecified formulation</vaccineType>
<cvx>17</cvx>
<beginAge>6 weeks - 4 days</beginAge>
<endAge/>
</allowableVaccine>
<allowableVaccine>
<vaccineType>DTP-Hib</vaccineType>
<cvx>22</cvx>
<beginAge>6 weeks - 4 days</beginAge>
<endAge/>
</allowableVaccine>
<allowableVaccine>
<vaccineType>PRP-D</vaccineType>
<cvx>46</cvx>
<beginAge>6 weeks - 4 days</beginAge>
<endAge/>
</allowableVaccine>
<allowableVaccine>
<vaccineType>HbOC</vaccineType>
<cvx>47</cvx>
<beginAge>6 weeks - 4 days</beginAge>
<endAge/>
</allowableVaccine>
<allowableVaccine>
<vaccineType>PRP-T</vaccineType>
<cvx>48</cvx>
<beginAge>6 weeks - 4 days</beginAge>
<endAge/>
</allowableVaccine>
<allowableVaccine>
<vaccineType>PRP-OMP</vaccineType>
<cvx>49</cvx>
<beginAge>6 weeks - 4 days</beginAge>
<endAge/>
</allowableVaccine>
<allowableVaccine>
<vaccineType>DTaP/Hib</vaccineType>
<cvx>50</cvx>
<beginAge>12 months - 4 days</beginAge>
<endAge/>
</allowableVaccine>
<allowableVaccine>
<vaccineType>Hib-Hep B</vaccineType>
<cvx>51</cvx>
<beginAge>6 weeks - 4 days</beginAge>
<endAge/>
</allowableVaccine>
<allowableVaccine>
<vaccineType>DTP-Hib-HepB</vaccineType>
<cvx>102</cvx>
<beginAge>6 weeks - 4 days</beginAge>
<endAge/>
</allowableVaccine>
<allowableVaccine>
<vaccineType>DTaP-Hib-IPV</vaccineType>
<cvx>120</cvx>
<beginAge>6 weeks - 4 days</beginAge>
<endAge/>
</allowableVaccine>
<allowableVaccine>
<vaccineType>DTaP-IPV-Hib-Hep B,historical</vaccineType>
<cvx>132</cvx>
<beginAge>6 weeks - 4 days</beginAge>
<endAge/>
</allowableVaccine>
<allowableVaccine>
<vaccineType>DTaP-IPV-Hib-Hep B</vaccineType>
<cvx>146</cvx>
<beginAge>6 weeks - 4 days</beginAge>
<endAge/>
</allowableVaccine>
<allowableVaccine>
<vaccineType>Hib-MenCY-TT</vaccineType>
<cvx>148</cvx>
<beginAge>6 weeks - 4 days</beginAge>
<endAge>19 months</endAge>
</allowableVaccine>
<allowableVaccine>
<vaccineType>DTaP-IPV-Hib</vaccineType>
<cvx>170</cvx>
<beginAge>6 weeks - 4 days</beginAge>
<endAge/>
</allowableVaccine>
<allowableVaccine>
<vaccineType>DTP-hepB-Hib Pentavalent Non-US</vaccineType>
<cvx>198</cvx>
<beginAge>6 weeks - 4 days</beginAge>
<endAge/>
</allowableVaccine>
<inadvertentVaccine/>
<conditionalSkip/>
<recurringDose>No</recurringDose>
<seasonalRecommendation/>
</seriesDose>
<seriesDose>
<doseNumber>Dose 2</doseNumber>
<age>
<absMinAge/>
<minAge/>
<earliestRecAge/>
<latestRecAge/>
<maxAge>5 years</maxAge>
<effectiveDate/>
<cessationDate/>
</age>
<interval>
<fromPrevious>Y</fromPrevious>
<fromTargetDose/>
<fromMostRecent/>
<fromRelevantObs/>
<absMinInt>8 weeks - 4 days</absMinInt>
<minInt>8 weeks</minInt>
<earliestRecInt>8 weeks</earliestRecInt>
<latestRecInt>8 weeks</latestRecInt>
<intervalPriority/>
<effectiveDate/>
<cessationDate/>
</interval>
<allowableInterval/>
<preferableVaccine>
<vaccineType>PRP-T</vaccineType>
<cvx>48</cvx>
<beginAge>6 weeks</beginAge>
<endAge>5 years</endAge>
<tradeName/>
<mvx/>
<volume>0.5</volume>
<forecastVaccineType>N</forecastVaccineType>
</preferableVaccine>
<preferableVaccine>
<vaccineType>PRP-OMP</vaccineType>
<cvx>49</cvx>
<beginAge>6 weeks</beginAge>
<endAge>5 years</endAge>
<tradeName/>
<mvx/>
<volume>0.5</volume>
<forecastVaccineType>N</forecastVaccineType>
</preferableVaccine>
<preferableVaccine>
<vaccineType>DTaP-Hib-IPV</vaccineType>
<cvx>120</cvx>
<beginAge>6 weeks</beginAge>
<endAge>5 years</endAge>
<tradeName/>
<mvx/>
<volume>0.5</volume>
<forecastVaccineType>N</forecastVaccineType>
</preferableVaccine>
<allowableVaccine>
<vaccineType>Hib, unspecified formulation</vaccineType>
<cvx>17</cvx>
<beginAge>6 weeks - 4 days</beginAge>
<endAge/>
</allowableVaccine>
<allowableVaccine>
<vaccineType>DTP-Hib</vaccineType>
<cvx>22</cvx>
<beginAge>6 weeks - 4 days</beginAge>
<endAge/>
</allowableVaccine>
<allowableVaccine>
<vaccineType>PRP-D</vaccineType>
<cvx>46</cvx>
<beginAge>6 weeks - 4 days</beginAge>
<endAge/>
</allowableVaccine>
<allowableVaccine>
<vaccineType>HbOC</vaccineType>
<cvx>47</cvx>
<beginAge>6 weeks - 4 days</beginAge>
<endAge/>
</allowableVaccine>
<allowableVaccine>
<vaccineType>PRP-T</vaccineType>
<cvx>48</cvx>
<beginAge>6 weeks - 4 days</beginAge>
<endAge/>
</allowableVaccine>
<allowableVaccine>
<vaccineType>PRP-OMP</vaccineType>
<cvx>49</cvx>
<beginAge>6 weeks - 4 days</beginAge>
<endAge/>
</allowableVaccine>
<allowableVaccine>
<vaccineType>DTaP/Hib</vaccineType>
<cvx>50</cvx>
<beginAge>12 months - 4 days</beginAge>
<endAge/>
</allowableVaccine>
<allowableVaccine>
<vaccineType>Hib-Hep B</vaccineType>
<cvx>51</cvx>
<beginAge>6 weeks - 4 days</beginAge>
<endAge/>
</allowableVaccine>
<allowableVaccine>
<vaccineType>DTP-Hib-HepB</vaccineType>
<cvx>102</cvx>
<beginAge>6 weeks - 4 days</beginAge>
<endAge/>
</allowableVaccine>
<allowableVaccine>
<vaccineType>DTaP-Hib-IPV</vaccineType>
<cvx>120</cvx>
<beginAge>6 weeks - 4 days</beginAge>
<endAge/>
</allowableVaccine>
<allowableVaccine>
<vaccineType>DTaP-IPV-Hib-Hep B,historical</vaccineType>
<cvx>132</cvx>
<beginAge>6 weeks - 4 days</beginAge>
<endAge/>
</allowableVaccine>
<allowableVaccine>
<vaccineType>DTaP-IPV-Hib-Hep B</vaccineType>
<cvx>146</cvx>
<beginAge>6 weeks - 4 days</beginAge>
<endAge/>
</allowableVaccine>
<allowableVaccine>
<vaccineType>Hib-MenCY-TT</vaccineType>
<cvx>148</cvx>
<beginAge>6 weeks - 4 days</beginAge>
<endAge>19 months</endAge>
</allowableVaccine>
<allowableVaccine>
<vaccineType>DTaP-IPV-Hib</vaccineType>
<cvx>170</cvx>
<beginAge>6 weeks - 4 days</beginAge>
<endAge/>
</allowableVaccine>
<allowableVaccine>
<vaccineType>DTP-hepB-Hib Pentavalent Non-US</vaccineType>
<cvx>198</cvx>
<beginAge>6 weeks - 4 days</beginAge>
<endAge/>
</allowableVaccine>
<inadvertentVaccine/>
<conditionalSkip/>
<recurringDose>No</recurringDose>
<seasonalRecommendation/>
</seriesDose>
</series>
<series>
<seriesName>Hib start at 15 months 1-dose series</seriesName>
<targetDisease>Hib</targetDisease>
<vaccineGroup>Hib</vaccineGroup>
<seriesAdminGuidance/>
<seriesType>Standard</seriesType>
<equivalentSeriesGroups>2</equivalentSeriesGroups>
<requiredGender/>
<selectSeries>
<defaultSeries>No</defaultSeries>
<productPath>No</productPath>
<seriesGroupName>Standard</seriesGroupName>
<seriesGroup>1</seriesGroup>
<seriesPriority>A</seriesPriority>
<seriesPreference>5</seriesPreference>
<minAgeToStart/>
<maxAgeToStart/>
</selectSeries>
<indication/>
<seriesDose>
<doseNumber>Dose 1</doseNumber>
<age>
<absMinAge>15 months - 4 days</absMinAge>
<minAge>15 months</minAge>
<earliestRecAge/>
<latestRecAge/>
<maxAge>5 years</maxAge>
<effectiveDate/>
<cessationDate/>
</age>
<interval/>
<allowableInterval/>
<preferableVaccine>
<vaccineType>PRP-T</vaccineType>
<cvx>48</cvx>
<beginAge>6 weeks</beginAge>
<endAge>5 years</endAge>
<tradeName/>
<mvx/>
<volume>0.5</volume>
<forecastVaccineType>N</forecastVaccineType>
</preferableVaccine>
<preferableVaccine>
<vaccineType>PRP-OMP</vaccineType>
<cvx>49</cvx>
<beginAge>6 weeks</beginAge>
<endAge>5 years</endAge>
<tradeName/>
<mvx/>
<volume>0.5</volume>
<forecastVaccineType>N</forecastVaccineType>
</preferableVaccine>
<preferableVaccine>
<vaccineType>DTaP-Hib-IPV</vaccineType>
<cvx>120</cvx>
<beginAge>6 weeks</beginAge>
<endAge>5 years</endAge>
<tradeName/>
<mvx/>
<volume>0.5</volume>
<forecastVaccineType>N</forecastVaccineType>
</preferableVaccine>
<allowableVaccine>
<vaccineType>Hib, unspecified formulation</vaccineType>
<cvx>17</cvx>
<beginAge>6 weeks - 4 days</beginAge>
<endAge/>
</allowableVaccine>
<allowableVaccine>
<vaccineType>DTP-Hib</vaccineType>
<cvx>22</cvx>
<beginAge>6 weeks - 4 days</beginAge>
<endAge/>
</allowableVaccine>
<allowableVaccine>
<vaccineType>PRP-D</vaccineType>
<cvx>46</cvx>
<beginAge>6 weeks - 4 days</beginAge>
<endAge/>
</allowableVaccine>
<allowableVaccine>
<vaccineType>HbOC</vaccineType>
<cvx>47</cvx>
<beginAge>6 weeks - 4 days</beginAge>
<endAge/>
</allowableVaccine>
<allowableVaccine>
<vaccineType>PRP-T</vaccineType>
<cvx>48</cvx>
<beginAge>6 weeks - 4 days</beginAge>
<endAge/>
</allowableVaccine>
<allowableVaccine>
<vaccineType>PRP-OMP</vaccineType>
<cvx>49</cvx>
<beginAge>6 weeks - 4 days</beginAge>
<endAge/>
</allowableVaccine>
<allowableVaccine>
<vaccineType>DTaP/Hib</vaccineType>
<cvx>50</cvx>
<beginAge>12 months - 4 days</beginAge>
<endAge/>
</allowableVaccine>
<allowableVaccine>
<vaccineType>Hib-Hep B</vaccineType>
<cvx>51</cvx>
<beginAge>6 weeks - 4 days</beginAge>
<endAge/>
</allowableVaccine>
<allowableVaccine>
<vaccineType>DTP-Hib-HepB</vaccineType>
<cvx>102</cvx>
<beginAge>6 weeks - 4 days</beginAge>
<endAge/>
</allowableVaccine>
<allowableVaccine>
<vaccineType>DTaP-Hib-IPV</vaccineType>
<cvx>120</cvx>
<beginAge>6 weeks - 4 days</beginAge>
<endAge/>
</allowableVaccine>
<allowableVaccine>
<vaccineType>DTaP-IPV-Hib-Hep B,historical</vaccineType>
<cvx>132</cvx>
<beginAge>6 weeks - 4 days</beginAge>
<endAge/>
</allowableVaccine>
<allowableVaccine>
<vaccineType>DTaP-IPV-Hib-Hep B</vaccineType>
<cvx>146</cvx>
<beginAge>6 weeks - 4 days</beginAge>
<endAge/>
</allowableVaccine>
<allowableVaccine>
<vaccineType>Hib-MenCY-TT</vaccineType>
<cvx>148</cvx>
<beginAge>6 weeks - 4 days</beginAge>
<endAge>19 months</endAge>
</allowableVaccine>
<allowableVaccine>
<vaccineType>DTaP-IPV-Hib</vaccineType>
<cvx>170</cvx>
<beginAge>6 weeks - 4 days</beginAge>
<endAge/>
</allowableVaccine>
<allowableVaccine>
<vaccineType>DTP-hepB-Hib Pentavalent Non-US</vaccineType>
<cvx>198</cvx>
<beginAge>6 weeks - 4 days</beginAge>
<endAge/>
</allowableVaccine>
<inadvertentVaccine/>
<conditionalSkip/>
<recurringDose>No</recurringDose>
<seasonalRecommendation/>
</seriesDose>
</series>
<series>
<seriesName>Hib PRP-OMP 3-dose series</seriesName>
<targetDisease>Hib</targetDisease>
<vaccineGroup>Hib</vaccineGroup>
<seriesAdminGuidance/>
<seriesType>Standard</seriesType>
<equivalentSeriesGroups>2</equivalentSeriesGroups>
<requiredGender/>
<selectSeries>
<defaultSeries>No</defaultSeries>
<productPath>Yes</productPath>
<seriesGroupName>Standard</seriesGroupName>
<seriesGroup>1</seriesGroup>
<seriesPriority>A</seriesPriority>
<seriesPreference>2</seriesPreference>
<minAgeToStart/>
<maxAgeToStart/>
</selectSeries>
<indication/>
<seriesDose>
<doseNumber>Dose 1</doseNumber>
<age>
<absMinAge>6 weeks - 4 days</absMinAge>
<minAge>6 weeks</minAge>
<earliestRecAge>2 months</earliestRecAge>
<latestRecAge>3 months + 4 weeks</latestRecAge>
<maxAge>5 years</maxAge>
<effectiveDate/>
<cessationDate/>
</age>
<interval/>
<allowableInterval/>
<preferableVaccine>
<vaccineType>PRP-OMP</vaccineType>
<cvx>49</cvx>
<beginAge>6 weeks</beginAge>
<endAge>5 years</endAge>
<tradeName/>
<mvx/>
<volume>0.5</volume>
<forecastVaccineType>N</forecastVaccineType>
</preferableVaccine>
<allowableVaccine>
<vaccineType>PRP-OMP</vaccineType>
<cvx>49</cvx>
<beginAge>6 weeks - 4 days</beginAge>
<endAge/>
</allowableVaccine>
<allowableVaccine>
<vaccineType>Hib-Hep B</vaccineType>
<cvx>51</cvx>
<beginAge>6 weeks - 4 days</beginAge>
<endAge/>
</allowableVaccine>
<inadvertentVaccine/>
<conditionalSkip/>
<recurringDose>No</recurringDose>
<seasonalRecommendation/>
</seriesDose>
<seriesDose>
<doseNumber>Dose 2</doseNumber>
<age>
<absMinAge>10 weeks - 4 days</absMinAge>
<minAge>10 weeks</minAge>
<earliestRecAge>4 months</earliestRecAge>
<latestRecAge>5 months + 4 weeks</latestRecAge>
<maxAge>5 years</maxAge>
<effectiveDate/>
<cessationDate/>
</age>
<interval>
<fromPrevious>Y</fromPrevious>
<fromTargetDose/>
<fromMostRecent/>
<fromRelevantObs/>
<absMinInt>4 weeks - 4 days</absMinInt>
<minInt>4 weeks</minInt>
<earliestRecInt>8 weeks</earliestRecInt>
<latestRecInt>16 weeks</latestRecInt>
<intervalPriority/>
<effectiveDate/>
<cessationDate/>
</interval>
<allowableInterval/>
<preferableVaccine>
<vaccineType>PRP-OMP</vaccineType>
<cvx>49</cvx>
<beginAge/>
<endAge/>
<tradeName/>
<mvx/>
<volume>0.5</volume>
<forecastVaccineType>N</forecastVaccineType>
</preferableVaccine>
<allowableVaccine>
<vaccineType>PRP-OMP</vaccineType>
<cvx>49</cvx>
<beginAge>6 weeks - 4 days</beginAge>
<endAge/>
</allowableVaccine>
<allowableVaccine>
<vaccineType>Hib-Hep B</vaccineType>
<cvx>51</cvx>
<beginAge>6 weeks - 4 days</beginAge>
<endAge/>
</allowableVaccine>
<inadvertentVaccine/>
<conditionalSkip/>
<recurringDose>No</recurringDose>
<seasonalRecommendation/>
</seriesDose>
<seriesDose>
<doseNumber>Dose 3</doseNumber>
<age>
<absMinAge>12 months - 4 days</absMinAge>
<minAge>12 months</minAge>
<earliestRecAge>12 months</earliestRecAge>
<latestRecAge>16 months + 4 weeks</latestRecAge>
<maxAge>5 years</maxAge>
<effectiveDate/>
<cessationDate/>
</age>
<interval>
<fromPrevious>Y</fromPrevious>
<fromTargetDose/>
<fromMostRecent/>
<fromRelevantObs/>
<absMinInt>8 weeks - 4 days</absMinInt>
<minInt>8 weeks</minInt>
<earliestRecInt>6 months</earliestRecInt>
<latestRecInt>10 months + 4 weeks</latestRecInt>
<intervalPriority/>
<effectiveDate/>
<cessationDate/>
</interval>
<allowableInterval/>
<preferableVaccine>
<vaccineType>PRP-T</vaccineType>
<cvx>48</cvx>
<beginAge>6 weeks</beginAge>
<endAge>5 years</endAge>
<tradeName/>
<mvx/>
<volume>0.5</volume>
<forecastVaccineType>N</forecastVaccineType>
</preferableVaccine>
<preferableVaccine>
<vaccineType>PRP-OMP</vaccineType>
<cvx>49</cvx>
<beginAge>6 weeks</beginAge>
<endAge>5 years</endAge>
<tradeName/>
<mvx/>
<volume>0.5</volume>
<forecastVaccineType>N</forecastVaccineType>
</preferableVaccine>
<preferableVaccine>
<vaccineType>DTaP-Hib-IPV</vaccineType>
<cvx>120</cvx>
<beginAge>6 weeks</beginAge>
<endAge>5 years</endAge>
<tradeName/>
<mvx/>
<volume>0.5</volume>
<forecastVaccineType>N</forecastVaccineType>
</preferableVaccine>
<allowableVaccine>
<vaccineType>Hib, unspecified formulation</vaccineType>
<cvx>17</cvx>
<beginAge>6 weeks - 4 days</beginAge>
<endAge/>
</allowableVaccine>
<allowableVaccine>
<vaccineType>DTP-Hib</vaccineType>
<cvx>22</cvx>
<beginAge>6 weeks - 4 days</beginAge>
<endAge/>
</allowableVaccine>
<allowableVaccine>
<vaccineType>PRP-D</vaccineType>
<cvx>46</cvx>
<beginAge>6 weeks - 4 days</beginAge>
<endAge/>
</allowableVaccine>
<allowableVaccine>
<vaccineType>HbOC</vaccineType>
<cvx>47</cvx>
<beginAge>6 weeks - 4 days</beginAge>
<endAge/>
</allowableVaccine>
<allowableVaccine>
<vaccineType>PRP-T</vaccineType>
<cvx>48</cvx>
<beginAge>6 weeks - 4 days</beginAge>
<endAge/>
</allowableVaccine>
<allowableVaccine>
<vaccineType>PRP-OMP</vaccineType>
<cvx>49</cvx>
<beginAge>6 weeks - 4 days</beginAge>
<endAge/>
</allowableVaccine>
<allowableVaccine>
<vaccineType>DTaP/Hib</vaccineType>
<cvx>50</cvx>
<beginAge>12 months - 4 days</beginAge>
<endAge/>
</allowableVaccine>
<allowableVaccine>
<vaccineType>Hib-Hep B</vaccineType>
<cvx>51</cvx>
<beginAge>6 weeks - 4 days</beginAge>
<endAge/>
</allowableVaccine>
<allowableVaccine>
<vaccineType>DTP-Hib-HepB</vaccineType>
<cvx>102</cvx>
<beginAge>6 weeks - 4 days</beginAge>
<endAge/>
</allowableVaccine>
<allowableVaccine>
<vaccineType>DTaP-Hib-IPV</vaccineType>
<cvx>120</cvx>
<beginAge>6 weeks - 4 days</beginAge>
<endAge/>
</allowableVaccine>
<allowableVaccine>
<vaccineType>DTaP-IPV-Hib-Hep B,historical</vaccineType>
<cvx>132</cvx>
<beginAge>6 weeks - 4 days</beginAge>
<endAge/>
</allowableVaccine>
<allowableVaccine>
<vaccineType>DTaP-IPV-Hib-Hep B</vaccineType>
<cvx>146</cvx>
<beginAge>6 weeks - 4 days</beginAge>
<endAge/>
</allowableVaccine>
<allowableVaccine>
<vaccineType>Hib-MenCY-TT</vaccineType>
<cvx>148</cvx>
<beginAge>6 weeks - 4 days</beginAge>
<endAge>19 months</endAge>
</allowableVaccine>
<allowableVaccine>
<vaccineType>DTaP-IPV-Hib</vaccineType>
<cvx>170</cvx>
<beginAge>6 weeks - 4 days</beginAge>
<endAge/>
</allowableVaccine>
<allowableVaccine>
<vaccineType>DTP-hepB-Hib Pentavalent Non-US</vaccineType>
<cvx>198</cvx>
<beginAge>6 weeks - 4 days</beginAge>
<endAge/>
</allowableVaccine>
<inadvertentVaccine/>
<conditionalSkip/>
<recurringDose>No</recurringDose>
<seasonalRecommendation/>
</seriesDose>
</series>
<series>
<seriesName>Hib risk child 2-dose series</seriesName>
<targetDisease>Hib</targetDisease>
<vaccineGroup>Hib</vaccineGroup>
<seriesAdminGuidance/>
<seriesType>Risk</seriesType>
<equivalentSeriesGroups/>
<requiredGender/>
<selectSeries>
<defaultSeries>No</defaultSeries>
<productPath>No</productPath>
<seriesGroupName>Increased Risk</seriesGroupName>
<seriesGroup>2</seriesGroup>
<seriesPriority>B</seriesPriority>
<seriesPreference>1</seriesPreference>
<minAgeToStart>12 months</minAgeToStart>
<maxAgeToStart>5 years</maxAgeToStart>
</selectSeries>
<indication>
<observationCode>
<text>Persistent complement, properdin, or factor B deficiency</text>
<code>151</code>
</observationCode>
<description>Administer to persons who have early complement component deficiencies.</description>
<beginAge>12 months</beginAge>
<endAge>5 years</endAge>
<guidance/>
</indication>
<indication>
<observationCode>
<text>B-lymphocyte [humoral] - Less severe antibody deficiencies</text>
<code>146</code>
</observationCode>
<description>Administer to persons who have less severe B-lymphocyte [humoral] - antibody deficiencies [e.g., selective IgA deficiency and IgG subclass deficiency].</description>
<beginAge>12 months</beginAge>
<endAge>5 years</endAge>
<guidance/>
</indication>
<indication>
<observationCode>
<text>Anatomical or functional asplenia</text>
<code>160</code>
</observationCode>
<description>Administer to persons with anatomic or functional asplenia, including sickle cell disease.</description>
<beginAge>12 months</beginAge>
<endAge>5 years</endAge>
<guidance/>
</indication>
<seriesDose>
<doseNumber>Dose 1</doseNumber>
<age>
<absMinAge>12 months - 4 days</absMinAge>
<minAge>12 months</minAge>
<earliestRecAge/>
<latestRecAge/>
<maxAge/>
<effectiveDate/>
<cessationDate/>
</age>
<interval>
<fromPrevious>Y</fromPrevious>
<fromTargetDose/>
<fromMostRecent/>
<fromRelevantObs/>
<absMinInt>8 weeks - 4 days</absMinInt>
<minInt>8 weeks</minInt>
<earliestRecInt>8 weeks</earliestRecInt>
<latestRecInt/>
<intervalPriority/>
<effectiveDate/>
<cessationDate/>
</interval>
<allowableInterval/>
<preferableVaccine>
<vaccineType>PRP-T</vaccineType>
<cvx>48</cvx>
<beginAge>6 weeks</beginAge>
<endAge>5 years</endAge>
<tradeName/>
<mvx/>
<volume>0.5</volume>
<forecastVaccineType>N</forecastVaccineType>
</preferableVaccine>
<preferableVaccine>
<vaccineType>PRP-OMP</vaccineType>
<cvx>49</cvx>
<beginAge>6 weeks</beginAge>
<endAge>5 years</endAge>
<tradeName/>
<mvx/>
<volume>0.5</volume>
<forecastVaccineType>N</forecastVaccineType>
</preferableVaccine>
<preferableVaccine>
<vaccineType>DTaP-Hib-IPV</vaccineType>
<cvx>120</cvx>
<beginAge>6 weeks</beginAge>
<endAge>5 years</endAge>
<tradeName/>
<mvx/>
<volume>0.5</volume>
<forecastVaccineType>N</forecastVaccineType>
</preferableVaccine>
<allowableVaccine>
<vaccineType>Hib, unspecified formulation</vaccineType>
<cvx>17</cvx>
<beginAge>6 weeks - 4 days</beginAge>
<endAge/>
</allowableVaccine>
<allowableVaccine>
<vaccineType>DTP-Hib</vaccineType>
<cvx>22</cvx>
<beginAge>6 weeks - 4 days</beginAge>
<endAge/>
</allowableVaccine>
<allowableVaccine>
<vaccineType>PRP-D</vaccineType>
<cvx>46</cvx>
<beginAge>6 weeks - 4 days</beginAge>
<endAge/>
</allowableVaccine>
<allowableVaccine>
<vaccineType>HbOC</vaccineType>
<cvx>47</cvx>
<beginAge>6 weeks - 4 days</beginAge>
<endAge/>
</allowableVaccine>
<allowableVaccine>
<vaccineType>PRP-T</vaccineType>
<cvx>48</cvx>
<beginAge>6 weeks - 4 days</beginAge>
<endAge/>
</allowableVaccine>
<allowableVaccine>
<vaccineType>PRP-OMP</vaccineType>
<cvx>49</cvx>
<beginAge>6 weeks - 4 days</beginAge>
<endAge/>
</allowableVaccine>
<allowableVaccine>
<vaccineType>DTaP/Hib</vaccineType>
<cvx>50</cvx>
<beginAge>6 weeks - 4 days</beginAge>
<endAge/>
</allowableVaccine>
<allowableVaccine>
<vaccineType>Hib-Hep B</vaccineType>
<cvx>51</cvx>
<beginAge>6 weeks - 4 days</beginAge>
<endAge/>
</allowableVaccine>
<allowableVaccine>
<vaccineType>DTP-Hib-HepB</vaccineType>
<cvx>102</cvx>
<beginAge>6 weeks - 4 days</beginAge>
<endAge/>
</allowableVaccine>
<allowableVaccine>
<vaccineType>DTaP-Hib-IPV</vaccineType>
<cvx>120</cvx>
<beginAge>6 weeks - 4 days</beginAge>
<endAge/>
</allowableVaccine>
<allowableVaccine>
<vaccineType>DTaP-IPV-Hib-Hep B,historical</vaccineType>
<cvx>132</cvx>
<beginAge>6 weeks - 4 days</beginAge>
<endAge/>
</allowableVaccine>
<allowableVaccine>
<vaccineType>DTaP-IPV-Hib-Hep B</vaccineType>
<cvx>146</cvx>
<beginAge>6 weeks - 4 days</beginAge>
<endAge/>
</allowableVaccine>
<allowableVaccine>
<vaccineType>DTaP-IPV-Hib</vaccineType>
<cvx>170</cvx>
<beginAge>6 weeks - 4 days</beginAge>
<endAge/>
</allowableVaccine>
<allowableVaccine>
<vaccineType>DTP-hepB-Hib Pentavalent Non-US</vaccineType>
<cvx>198</cvx>
<beginAge>6 weeks - 4 days</beginAge>
<endAge/>
</allowableVaccine>
<inadvertentVaccine/>
<conditionalSkip>
<context>Both</context>
<setLogic>n/a</setLogic>
<set>
<setID>1</setID>
<setDescription>Dose is not required if the patient has received 1 or more doses on or after the age of 12 months</setDescription>
<effectiveDate/>
<cessationDate/>
<conditionLogic/>
<condition>
<conditionID>1</conditionID>
<conditionType>Vaccine Count by Age</conditionType>
<startDate/>
<endDate/>
<beginAge>12 months</beginAge>
<endAge/>
<interval/>
<doseCount>0</doseCount>
<doseType>Total</doseType>
<doseCountLogic>greater than</doseCountLogic>
<vaccineTypes/>
<seriesGroups/>
</condition>
</set>
</conditionalSkip>
<recurringDose>No</recurringDose>
<seasonalRecommendation/>
</seriesDose>
<seriesDose>
<doseNumber>Dose 2</doseNumber>
<age>
<absMinAge/>
<minAge/>
<earliestRecAge/>
<latestRecAge/>
<maxAge/>
<effectiveDate/>
<cessationDate/>
</age>
<interval>
<fromPrevious>Y</fromPrevious>
<fromTargetDose/>
<fromMostRecent/>
<fromRelevantObs/>
<absMinInt>8 weeks - 4 days</absMinInt>
<minInt>8 weeks</minInt>
<earliestRecInt>8 weeks</earliestRecInt>
<latestRecInt/>
<intervalPriority/>
<effectiveDate/>
<cessationDate/>
</interval>
<allowableInterval/>
<preferableVaccine>
<vaccineType>PRP-T</vaccineType>
<cvx>48</cvx>
<beginAge>6 weeks</beginAge>
<endAge>5 years</endAge>
<tradeName/>
<mvx/>
<volume>0.5</volume>
<forecastVaccineType>N</forecastVaccineType>
</preferableVaccine>
<preferableVaccine>
<vaccineType>PRP-OMP</vaccineType>
<cvx>49</cvx>
<beginAge>6 weeks</beginAge>
<endAge>5 years</endAge>
<tradeName/>
<mvx/>
<volume>0.5</volume>
<forecastVaccineType>N</forecastVaccineType>
</preferableVaccine>
<preferableVaccine>
<vaccineType>DTaP-Hib-IPV</vaccineType>
<cvx>120</cvx>
<beginAge>6 weeks</beginAge>
<endAge>5 years</endAge>
<tradeName/>
<mvx/>
<volume>0.5</volume>
<forecastVaccineType>N</forecastVaccineType>
</preferableVaccine>
<allowableVaccine>
<vaccineType>Hib, unspecified formulation</vaccineType>
<cvx>17</cvx>
<beginAge>6 weeks - 4 days</beginAge>
<endAge/>
</allowableVaccine>
<allowableVaccine>
<vaccineType>DTP-Hib</vaccineType>
<cvx>22</cvx>
<beginAge>6 weeks - 4 days</beginAge>
<endAge/>
</allowableVaccine>
<allowableVaccine>
<vaccineType>PRP-D</vaccineType>
<cvx>46</cvx>
<beginAge>6 weeks - 4 days</beginAge>
<endAge/>
</allowableVaccine>
<allowableVaccine>
<vaccineType>HbOC</vaccineType>
<cvx>47</cvx>
<beginAge>6 weeks - 4 days</beginAge>
<endAge/>
</allowableVaccine>
<allowableVaccine>
<vaccineType>PRP-T</vaccineType>
<cvx>48</cvx>
<beginAge>6 weeks - 4 days</beginAge>
<endAge/>
</allowableVaccine>
<allowableVaccine>
<vaccineType>PRP-OMP</vaccineType>
<cvx>49</cvx>
<beginAge>6 weeks - 4 days</beginAge>
<endAge/>
</allowableVaccine>
<allowableVaccine>
<vaccineType>DTaP/Hib</vaccineType>
<cvx>50</cvx>
<beginAge>6 weeks - 4 days</beginAge>
<endAge/>
</allowableVaccine>
<allowableVaccine>
<vaccineType>Hib-Hep B</vaccineType>
<cvx>51</cvx>
<beginAge>6 weeks - 4 days</beginAge>
<endAge/>
</allowableVaccine>
<allowableVaccine>
<vaccineType>DTP-Hib-HepB</vaccineType>
<cvx>102</cvx>
<beginAge>6 weeks - 4 days</beginAge>
<endAge/>
</allowableVaccine>
<allowableVaccine>
<vaccineType>DTaP-Hib-IPV</vaccineType>
<cvx>120</cvx>
<beginAge>6 weeks - 4 days</beginAge>
<endAge/>
</allowableVaccine>
<allowableVaccine>
<vaccineType>DTaP-IPV-Hib-Hep B,historical</vaccineType>
<cvx>132</cvx>
<beginAge>6 weeks - 4 days</beginAge>
<endAge/>
</allowableVaccine>
<allowableVaccine>
<vaccineType>DTaP-IPV-Hib-Hep B</vaccineType>
<cvx>146</cvx>
<beginAge>6 weeks - 4 days</beginAge>
<endAge/>
</allowableVaccine>
<allowableVaccine>
<vaccineType>DTaP-IPV-Hib</vaccineType>
<cvx>170</cvx>
<beginAge>6 weeks - 4 days</beginAge>
<endAge/>
</allowableVaccine>
<allowableVaccine>
<vaccineType>DTP-hepB-Hib Pentavalent Non-US</vaccineType>
<cvx>198</cvx>
<beginAge>6 weeks - 4 days</beginAge>
<endAge/>
</allowableVaccine>
<inadvertentVaccine/>
<conditionalSkip>
<context>Both</context>
<setLogic>OR</setLogic>
<set>
<setID>1</setID>
<setDescription>Dose is not required if the patient has received 2 or more doses before the age of 12 months</setDescription>
<effectiveDate/>
<cessationDate/>
<conditionLogic/>
<condition>
<conditionID>1</conditionID>
<conditionType>Vaccine Count by Age</conditionType>
<startDate/>
<endDate/>
<beginAge>6 weeks - 4 days</beginAge>
<endAge>12 months</endAge>
<interval/>
<doseCount>1</doseCount>
<doseType>Total</doseType>
<doseCountLogic>greater than</doseCountLogic>
<vaccineTypes/>
<seriesGroups/>
</condition>
</set>
<set>
<setID>2</setID>
<setDescription>Dose is not required if the patient has received 2 or more doses on or after the age of 12 months</setDescription>
<effectiveDate/>
<cessationDate/>
<conditionLogic/>
<condition>
<conditionID>1</conditionID>
<conditionType>Vaccine Count by Age</conditionType>
<startDate/>
<endDate/>
<beginAge>12 months</beginAge>
<endAge/>
<interval/>
<doseCount>1</doseCount>
<doseType>Total</doseType>
<doseCountLogic>greater than</doseCountLogic>
<vaccineTypes/>
<seriesGroups/>
</condition>
</set>
</conditionalSkip>
<recurringDose>No</recurringDose>
<seasonalRecommendation/>
</seriesDose>
</series>
<series>
<seriesName>Hib risk 1-dose series</seriesName>
<targetDisease>Hib</targetDisease>
<vaccineGroup>Hib</vaccineGroup>
<seriesAdminGuidance/>
<seriesType>Risk</seriesType>
<equivalentSeriesGroups>1</equivalentSeriesGroups>
<requiredGender/>
<selectSeries>
<defaultSeries>No</defaultSeries>
<productPath>No</productPath>
<seriesGroupName>Increased Risk</seriesGroupName>
<seriesGroup>2</seriesGroup>
<seriesPriority>C</seriesPriority>
<seriesPreference>1</seriesPreference>
<minAgeToStart>15 months</minAgeToStart>
<maxAgeToStart/>
</selectSeries>
<indication>
<observationCode>
<text>Undergoing elective splenectomy</text>
<code>002</code>
</observationCode>
<description>Administered to persons who are undergoing elective splenectomy if they have not previously received Hib vaccine. Vaccination 14 or more days before splenectomy is suggested.</description>
<beginAge>15 months</beginAge>
<endAge/>
<guidance>Vaccination 14 or more days before splenectomy is suggested.</guidance>
</indication>
<indication>
<observationCode>
<text>HIV/AIDS - severely immunocompromised</text>
<code>154</code>
</observationCode>
<description>Administer to persons who have HIV/AIDS and are severely immunocompromised (See the CDC general recommendations for a definition of "severely immunocompromised").</description>
<beginAge>5 years</beginAge>
<endAge>19 years</endAge>
<guidance/>
</indication>
<indication>
<observationCode>
<text>HIV/AIDS - not severely immunocompromised</text>
<code>155</code>
</observationCode>
<description>Administer to persons who have HIV/AIDS and are not severely immunocompromised (See the CDC general recommendations for a definition of "severely immunocompromised").</description>
<beginAge>5 years</beginAge>
<endAge>19 years</endAge>
<guidance/>
</indication>
<indication>
<observationCode>
<text>Anatomical or functional asplenia</text>
<code>160</code>
</observationCode>
<description>Administer to persons with anatomic or functional asplenia, including sickle cell disease.</description>
<beginAge>5 years</beginAge>
<endAge/>
<guidance/>
</indication>
<seriesDose>
<doseNumber>Dose 1</doseNumber>
<age>
<absMinAge>15 months - 4 days</absMinAge>
<minAge>15 months</minAge>
<earliestRecAge>15 months</earliestRecAge>
<latestRecAge/>
<maxAge/>
<effectiveDate/>
<cessationDate/>
</age>
<interval/>
<allowableInterval/>
<preferableVaccine>
<vaccineType>PRP-T</vaccineType>
<cvx>48</cvx>
<beginAge>6 weeks</beginAge>
<endAge/>
<tradeName/>
<mvx/>
<volume>0.5</volume>
<forecastVaccineType>N</forecastVaccineType>
</preferableVaccine>
<preferableVaccine>
<vaccineType>PRP-OMP</vaccineType>
<cvx>49</cvx>
<beginAge>6 weeks</beginAge>
<endAge/>
<tradeName/>
<mvx/>
<volume>0.5</volume>
<forecastVaccineType>N</forecastVaccineType>
</preferableVaccine>
<allowableVaccine>
<vaccineType>Hib, unspecified formulation</vaccineType>
<cvx>17</cvx>
<beginAge>6 weeks - 4 days</beginAge>
<endAge/>
</allowableVaccine>
<allowableVaccine>
<vaccineType>DTP-Hib</vaccineType>
<cvx>22</cvx>
<beginAge>6 weeks - 4 days</beginAge>
<endAge/>
</allowableVaccine>
<allowableVaccine>
<vaccineType>PRP-D</vaccineType>
<cvx>46</cvx>
<beginAge>6 weeks - 4 days</beginAge>
<endAge/>
</allowableVaccine>
<allowableVaccine>
<vaccineType>HbOC</vaccineType>
<cvx>47</cvx>
<beginAge>6 weeks - 4 days</beginAge>
<endAge/>
</allowableVaccine>
<allowableVaccine>
<vaccineType>PRP-T</vaccineType>
<cvx>48</cvx>
<beginAge>6 weeks - 4 days</beginAge>
<endAge/>
</allowableVaccine>
<allowableVaccine>
<vaccineType>PRP-OMP</vaccineType>
<cvx>49</cvx>
<beginAge>6 weeks - 4 days</beginAge>
<endAge/>
</allowableVaccine>
<allowableVaccine>
<vaccineType>DTaP/Hib</vaccineType>
<cvx>50</cvx>
<beginAge>6 weeks - 4 days</beginAge>
<endAge/>
</allowableVaccine>
<allowableVaccine>
<vaccineType>Hib-Hep B</vaccineType>
<cvx>51</cvx>
<beginAge>6 weeks - 4 days</beginAge>
<endAge/>
</allowableVaccine>
<allowableVaccine>
<vaccineType>DTP-Hib-HepB</vaccineType>
<cvx>102</cvx>
<beginAge>6 weeks - 4 days</beginAge>
<endAge/>
</allowableVaccine>
<allowableVaccine>
<vaccineType>DTaP-Hib-IPV</vaccineType>
<cvx>120</cvx>
<beginAge>6 weeks - 4 days</beginAge>
<endAge/>
</allowableVaccine>
<allowableVaccine>
<vaccineType>DTaP-IPV-Hib-Hep B,historical</vaccineType>
<cvx>132</cvx>
<beginAge>6 weeks - 4 days</beginAge>
<endAge/>
</allowableVaccine>
<allowableVaccine>
<vaccineType>DTaP-IPV-Hib-Hep B</vaccineType>
<cvx>146</cvx>
<beginAge>6 weeks - 4 days</beginAge>
<endAge/>
</allowableVaccine>
<allowableVaccine>
<vaccineType>DTaP-IPV-Hib</vaccineType>
<cvx>170</cvx>
<beginAge>6 weeks - 4 days</beginAge>
<endAge/>
</allowableVaccine>
<allowableVaccine>
<vaccineType>DTP-hepB-Hib Pentavalent Non-US</vaccineType>
<cvx>198</cvx>
<beginAge>6 weeks - 4 days</beginAge>
<endAge/>
</allowableVaccine>
<inadvertentVaccine/>
<conditionalSkip/>
<recurringDose>No</recurringDose>
<seasonalRecommendation/>
</seriesDose>
</series>
<series>
<seriesName>Hib risk 3-dose series</seriesName>
<targetDisease>Hib</targetDisease>
<vaccineGroup>Hib</vaccineGroup>
<seriesAdminGuidance/>
<seriesType>Risk</seriesType>
<equivalentSeriesGroups/>
<requiredGender/>
<selectSeries>
<defaultSeries>No</defaultSeries>
<productPath>No</productPath>
<seriesGroupName>Increased Risk</seriesGroupName>
<seriesGroup>2</seriesGroup>
<seriesPriority>A</seriesPriority>
<seriesPreference>1</seriesPreference>
<minAgeToStart>6 weeks</minAgeToStart>
<maxAgeToStart/>
</selectSeries>
<indication>
<observationCode>
<text>Recipient of a hematopoietic stem cell transplant</text>
<code>004</code>
</observationCode>
<description>Administer to recipients of a hematopoietic stem cell transplant (HSCT) 6 to 12 months after a successful transplant, regardless of vaccination history.</description>
<beginAge>6 weeks</beginAge>
<endAge/>
<guidance>At least 4 weeks should separate doses, 6 to 12 months after a successful transplant.</guidance>
</indication>
<seriesDose>
<doseNumber>Dose 1</doseNumber>
<age>
<absMinAge>6 weeks - 4 days</absMinAge>
<minAge>6 weeks</minAge>
<earliestRecAge/>
<latestRecAge/>
<maxAge/>
<effectiveDate/>
<cessationDate/>
</age>
<interval>
<fromPrevious>N</fromPrevious>
<fromTargetDose/>
<fromMostRecent/>
<fromRelevantObs>
<text>Date of hematopoietic stem cell transplant</text>
<code>171</code>
</fromRelevantObs>
<absMinInt/>
<minInt/>
<earliestRecInt>6 months</earliestRecInt>
<latestRecInt>12 months</latestRecInt>
<intervalPriority/>
<effectiveDate/>
<cessationDate/>
</interval>
<allowableInterval/>
<preferableVaccine>
<vaccineType>PRP-T</vaccineType>
<cvx>48</cvx>
<beginAge>6 weeks</beginAge>
<endAge/>
<tradeName/>
<mvx/>
<volume>0.5</volume>
<forecastVaccineType>N</forecastVaccineType>
</preferableVaccine>
<preferableVaccine>
<vaccineType>PRP-OMP</vaccineType>
<cvx>49</cvx>
<beginAge>6 weeks</beginAge>
<endAge/>
<tradeName/>
<mvx/>
<volume>0.5</volume>
<forecastVaccineType>N</forecastVaccineType>
</preferableVaccine>
<allowableVaccine>
<vaccineType>Hib, unspecified formulation</vaccineType>
<cvx>17</cvx>
<beginAge>6 weeks - 4 days</beginAge>
<endAge/>
</allowableVaccine>
<allowableVaccine>
<vaccineType>PRP-D</vaccineType>
<cvx>46</cvx>
<beginAge>6 weeks - 4 days</beginAge>
<endAge/>
</allowableVaccine>
<allowableVaccine>
<vaccineType>PRP-T</vaccineType>
<cvx>48</cvx>
<beginAge>6 weeks - 4 days</beginAge>
<endAge/>
</allowableVaccine>
<allowableVaccine>
<vaccineType>PRP-OMP</vaccineType>
<cvx>49</cvx>
<beginAge>6 weeks - 4 days</beginAge>
<endAge/>
</allowableVaccine>
<inadvertentVaccine/>
<conditionalSkip/>
<recurringDose>No</recurringDose>
<seasonalRecommendation/>
</seriesDose>
<seriesDose>
<doseNumber>Dose 2</doseNumber>
<age>
<absMinAge/>
<minAge/>
<earliestRecAge/>
<latestRecAge/>
<maxAge/>
<effectiveDate/>
<cessationDate/>
</age>
<interval>
<fromPrevious>Y</fromPrevious>
<fromTargetDose/>
<fromMostRecent/>
<fromRelevantObs/>
<absMinInt>4 weeks - 4 days</absMinInt>
<minInt>4 weeks</minInt>
<earliestRecInt>4 weeks</earliestRecInt>
<latestRecInt/>
<intervalPriority/>
<effectiveDate/>
<cessationDate/>
</interval>
<allowableInterval/>
<preferableVaccine>
<vaccineType>PRP-T</vaccineType>
<cvx>48</cvx>
<beginAge>6 weeks</beginAge>
<endAge/>
<tradeName/>
<mvx/>
<volume>0.5</volume>
<forecastVaccineType>N</forecastVaccineType>
</preferableVaccine>
<preferableVaccine>
<vaccineType>PRP-OMP</vaccineType>
<cvx>49</cvx>
<beginAge>6 weeks</beginAge>
<endAge/>
<tradeName/>
<mvx/>
<volume>0.5</volume>
<forecastVaccineType>N</forecastVaccineType>
</preferableVaccine>
<allowableVaccine>
<vaccineType>Hib, unspecified formulation</vaccineType>
<cvx>17</cvx>
<beginAge>6 weeks - 4 days</beginAge>
<endAge/>
</allowableVaccine>
<allowableVaccine>
<vaccineType>PRP-D</vaccineType>
<cvx>46</cvx>
<beginAge>6 weeks - 4 days</beginAge>
<endAge/>
</allowableVaccine>
<allowableVaccine>
<vaccineType>PRP-T</vaccineType>
<cvx>48</cvx>
<beginAge>6 weeks - 4 days</beginAge>
<endAge/>
</allowableVaccine>
<allowableVaccine>
<vaccineType>PRP-OMP</vaccineType>
<cvx>49</cvx>
<beginAge>6 weeks - 4 days</beginAge>
<endAge/>
</allowableVaccine>
<inadvertentVaccine/>
<conditionalSkip/>
<recurringDose>No</recurringDose>
<seasonalRecommendation/>
</seriesDose>
<seriesDose>
<doseNumber>Dose 3</doseNumber>
<age>
<absMinAge/>
<minAge/>
<earliestRecAge/>
<latestRecAge/>
<maxAge/>
<effectiveDate/>
<cessationDate/>
</age>
<interval>
<fromPrevious>Y</fromPrevious>
<fromTargetDose/>
<fromMostRecent/>
<fromRelevantObs/>
<absMinInt>4 weeks - 4 days</absMinInt>
<minInt>4 weeks</minInt>
<earliestRecInt>4 weeks</earliestRecInt>
<latestRecInt/>
<intervalPriority/>
<effectiveDate/>
<cessationDate/>
</interval>
<allowableInterval/>
<preferableVaccine>
<vaccineType>PRP-T</vaccineType>
<cvx>48</cvx>
<beginAge>6 weeks</beginAge>
<endAge/>
<tradeName/>
<mvx/>
<volume>0.5</volume>
<forecastVaccineType>N</forecastVaccineType>
</preferableVaccine>
<preferableVaccine>
<vaccineType>PRP-OMP</vaccineType>
<cvx>49</cvx>
<beginAge>6 weeks</beginAge>
<endAge/>
<tradeName/>
<mvx/>
<volume>0.5</volume>
<forecastVaccineType>N</forecastVaccineType>
</preferableVaccine>
<allowableVaccine>
<vaccineType>Hib, unspecified formulation</vaccineType>
<cvx>17</cvx>
<beginAge>6 weeks - 4 days</beginAge>
<endAge/>
</allowableVaccine>
<allowableVaccine>
<vaccineType>PRP-D</vaccineType>
<cvx>46</cvx>
<beginAge>6 weeks - 4 days</beginAge>
<endAge/>
</allowableVaccine>
<allowableVaccine>
<vaccineType>PRP-T</vaccineType>
<cvx>48</cvx>
<beginAge>6 weeks - 4 days</beginAge>
<endAge/>
</allowableVaccine>
<allowableVaccine>
<vaccineType>PRP-OMP</vaccineType>
<cvx>49</cvx>
<beginAge>6 weeks - 4 days</beginAge>
<endAge/>
</allowableVaccine>
<inadvertentVaccine/>
<conditionalSkip/>
<recurringDose>No</recurringDose>
<seasonalRecommendation/>
</seriesDose>
</series>
</antigenSupportingData>
