<antigenSupportingData>
<immunity>
</immunity>
<contraindications>
<vaccineGroup>
<contraindication>
<observationCode>013</observationCode>
<observationTitle>Severe Combined Immunodeficiency [SCID]</observationTitle>
<contraindicationText>Do not vaccinate if the patient has Severe Combined Immunodeficiency [SCID].</contraindicationText>
<contraindicationGuidance/>
<beginAge/>
<endAge/>
</contraindication>
<contraindication>
<observationCode>028</observationCode>
<observationTitle>Intussusception</observationTitle>
<contraindicationText>Do not vaccinate if the patient has intussusception.</contraindicationText>
<contraindicationGuidance/>
<beginAge/>
<endAge/>
</contraindication>
<contraindication>
<observationCode>080</observationCode>
<observationTitle>Adverse reaction to vaccine component</observationTitle>
<contraindicationText>Do not vaccinate if the patient has had an adverse reaction to a vaccine component.</contraindicationText>
<contraindicationGuidance/>
<beginAge/>
<endAge/>
</contraindication>
<contraindication>
<observationCode>083</observationCode>
<observationTitle>Severe allergic reaction after previous dose of Rotavirus</observationTitle>
<contraindicationText>Do not vaccinate if the patient has had a severe allergic reaction after a previous dose of Rotavirus vaccine.</contraindicationText>
<contraindicationGuidance/>
<beginAge/>
<endAge/>
</contraindication>
</vaccineGroup>
<vaccine>
<contraindication>
<observationCode>104</observationCode>
<observationTitle>Allergic reaction to latex</observationTitle>
<contraindicationText>Do not vaccinate with Rotarix if the patient has an allergy to latex.</contraindicationText>
<contraindicationGuidance/>
<contraindicatedVaccine>
<vaccineType>Rotavirus, monovalent</vaccineType>
<cvx>119</cvx>
<beginAge/>
<endAge/>
</contraindicatedVaccine>
</contraindication>
</vaccine>
</contraindications>
<series>
<seriesName>Rotavirus 3-dose series</seriesName>
<targetDisease>Rotavirus</targetDisease>
<vaccineGroup>Rotavirus</vaccineGroup>
<seriesAdminGuidance>For children with known or suspected altered immunocompetence, ACIP advises consultation with an immunologist or infectious diseases specialist before administration of rotavirus vaccine.  Children who are immunocompromised because of congenital immunodeficiency, or hematopoietic stem cell or solid organ transplantation sometimes experience severe, prolonged, and even fatal wild-type rotavirus gastroenteritis.</seriesAdminGuidance>
<seriesType>Standard</seriesType>
<equivalentSeriesGroups/>
<requiredGender/>
<selectSeries>
<defaultSeries>Yes</defaultSeries>
<productPath>No</productPath>
<seriesGroupName>Standard</seriesGroupName>
<seriesGroup>1</seriesGroup>
<seriesPriority>A</seriesPriority>
<seriesPreference>1</seriesPreference>
<minAgeToStart/>
<maxAgeToStart/>
</selectSeries>
<indication/>
<seriesDose>
<doseNumber>Dose 1</doseNumber>
<age>
<absMinAge>6 weeks - 4 days</absMinAge>
<minAge>6 weeks</minAge>
<earliestRecAge>2 months</earliestRecAge>
<latestRecAge/>
<maxAge>15 weeks</maxAge>
<effectiveDate/>
<cessationDate/>
</age>
<interval/>
<allowableInterval/>
<preferableVaccine>
<vaccineType>Rotavirus, pentavalent</vaccineType>
<cvx>116</cvx>
<beginAge>6 weeks</beginAge>
<endAge>8 months + 1 day</endAge>
<tradeName/>
<mvx/>
<volume>2</volume>
<forecastVaccineType>N</forecastVaccineType>
</preferableVaccine>
<preferableVaccine>
<vaccineType>Rotavirus, monovalent</vaccineType>
<cvx>119</cvx>
<beginAge>6 weeks</beginAge>
<endAge>8 months + 1 day</endAge>
<tradeName/>
<mvx/>
<volume>1</volume>
<forecastVaccineType>N</forecastVaccineType>
</preferableVaccine>
<allowableVaccine>
<vaccineType>Rotavirus, tetravalent</vaccineType>
<cvx>74</cvx>
<beginAge>6 weeks - 4 days</beginAge>
<endAge/>
</allowableVaccine>
<allowableVaccine>
<vaccineType>Rotavirus, pentavalent</vaccineType>
<cvx>116</cvx>
<beginAge>6 weeks - 4 days</beginAge>
<endAge/>
</allowableVaccine>
<allowableVaccine>
<vaccineType>Rotavirus, monovalent</vaccineType>
<cvx>119</cvx>
<beginAge>6 weeks - 4 days</beginAge>
<endAge/>
</allowableVaccine>
<allowableVaccine>
<vaccineType>Rotavirus, unspecified formulation</vaccineType>
<cvx>122</cvx>
<beginAge>6 weeks - 4 days</beginAge>
<endAge/>
</allowableVaccine>
<inadvertentVaccine/>
<conditionalSkip/>
<recurringDose>No</recurringDose>
<seasonalRecommendation/>
</seriesDose>
<seriesDose>
<doseNumber>Dose 2</doseNumber>
<age>
<absMinAge>10 weeks - 4 days</absMinAge>
<minAge>10 weeks</minAge>
<earliestRecAge>4 months</earliestRecAge>
<latestRecAge>5 months + 4 weeks</latestRecAge>
<maxAge>8 months + 1 day</maxAge>
<effectiveDate/>
<cessationDate/>
</age>
<interval>
<fromPrevious>Y</fromPrevious>
<fromTargetDose/>
<fromMostRecent/>
<fromRelevantObs/>
<absMinInt>4 weeks - 4 days</absMinInt>
<minInt>4 weeks</minInt>
<earliestRecInt>8 weeks</earliestRecInt>
<latestRecInt>13 weeks</latestRecInt>
<intervalPriority/>
<effectiveDate/>
<cessationDate/>
</interval>
<allowableInterval/>
<preferableVaccine>
<vaccineType>Rotavirus, pentavalent</vaccineType>
<cvx>116</cvx>
<beginAge>6 weeks</beginAge>
<endAge>8 months + 1 day</endAge>
<tradeName/>
<mvx/>
<volume>2</volume>
<forecastVaccineType>N</forecastVaccineType>
</preferableVaccine>
<preferableVaccine>
<vaccineType>Rotavirus, monovalent</vaccineType>
<cvx>119</cvx>
<beginAge>6 weeks</beginAge>
<endAge>8 months + 1 day</endAge>
<tradeName/>
<mvx/>
<volume>1</volume>
<forecastVaccineType>N</forecastVaccineType>
</preferableVaccine>
<allowableVaccine>
<vaccineType>Rotavirus, tetravalent</vaccineType>
<cvx>74</cvx>
<beginAge>6 weeks - 4 days</beginAge>
<endAge/>
</allowableVaccine>
<allowableVaccine>
<vaccineType>Rotavirus, pentavalent</vaccineType>
<cvx>116</cvx>
<beginAge>6 weeks - 4 days</beginAge>
<endAge/>
</allowableVaccine>
<allowableVaccine>
<vaccineType>Rotavirus, monovalent</vaccineType>
<cvx>119</cvx>
<beginAge>6 weeks - 4 days</beginAge>
<endAge/>
</allowableVaccine>
<allowableVaccine>
<vaccineType>Rotavirus, unspecified formulation</vaccineType>
<cvx>122</cvx>
<beginAge>6 weeks - 4 days</beginAge>
<endAge/>
</allowableVaccine>
<inadvertentVaccine/>
<conditionalSkip/>
<recurringDose>No</recurringDose>
<seasonalRecommendation/>
</seriesDose>
<seriesDose>
<doseNumber>Dose 3</doseNumber>
<age>
<absMinAge>14 weeks - 4 days</absMinAge>
<minAge>14 weeks</minAge>
<earliestRecAge>6 months</earliestRecAge>
<latestRecAge>7 months + 4 weeks</latestRecAge>
<maxAge>8 months + 1 day</maxAge>
<effectiveDate/>
<cessationDate/>
</age>
<interval>
<fromPrevious>Y</fromPrevious>
<fromTargetDose/>
<fromMostRecent/>
<fromRelevantObs/>
<absMinInt>4 weeks - 4 days</absMinInt>
<minInt>4 weeks</minInt>
<earliestRecInt>8 weeks</earliestRecInt>
<latestRecInt>13 weeks</latestRecInt>
<intervalPriority/>
<effectiveDate/>
<cessationDate/>
</interval>
<allowableInterval/>
<preferableVaccine>
<vaccineType>Rotavirus, pentavalent</vaccineType>
<cvx>116</cvx>
<beginAge>6 weeks</beginAge>
<endAge>8 months + 1 day</endAge>
<tradeName/>
<mvx/>
<volume>2</volume>
<forecastVaccineType>N</forecastVaccineType>
</preferableVaccine>
<preferableVaccine>
<vaccineType>Rotavirus, monovalent</vaccineType>
<cvx>119</cvx>
<beginAge>6 weeks</beginAge>
<endAge>8 months + 1 day</endAge>
<tradeName/>
<mvx/>
<volume>1</volume>
<forecastVaccineType>N</forecastVaccineType>
</preferableVaccine>
<allowableVaccine>
<vaccineType>Rotavirus, tetravalent</vaccineType>
<cvx>74</cvx>
<beginAge>6 weeks - 4 days</beginAge>
<endAge/>
</allowableVaccine>
<allowableVaccine>
<vaccineType>Rotavirus, pentavalent</vaccineType>
<cvx>116</cvx>
<beginAge>6 weeks - 4 days</beginAge>
<endAge/>
</allowableVaccine>
<allowableVaccine>
<vaccineType>Rotavirus, monovalent</vaccineType>
<cvx>119</cvx>
<beginAge>6 weeks - 4 days</beginAge>
<endAge/>
</allowableVaccine>
<allowableVaccine>
<vaccineType>Rotavirus, unspecified formulation</vaccineType>
<cvx>122</cvx>
<beginAge>6 weeks - 4 days</beginAge>
<endAge/>
</allowableVaccine>
<inadvertentVaccine/>
<conditionalSkip/>
<recurringDose>No</recurringDose>
<seasonalRecommendation/>
</seriesDose>
</series>
<series>
<seriesName>Rotavirus late start at 15 weeks 3-dose series</seriesName>
<targetDisease>Rotavirus</targetDisease>
<vaccineGroup>Rotavirus</vaccineGroup>
<seriesAdminGuidance>For children with known or suspected altered immunocompetence, ACIP advises consultation with an immunologist or infectious diseases specialist before administration of rotavirus vaccine.  Children who are immunocompromised because of congenital immunodeficiency, or hematopoietic stem cell or solid organ transplantation sometimes experience severe, prolonged, and even fatal wild-type rotavirus gastroenteritis.</seriesAdminGuidance>
<seriesAdminGuidance>Vaccination should not be initiated for infants age 15 weeks 0 days or older because there are insufficient data on the safety of dose #1 in older infants. Infants for whom the first dose of rotavirus vaccine was inadvertently administered at age 15 weeks or older should receive the remaining doses of the series at the routinely recommended intervals.</seriesAdminGuidance>
<seriesType>Standard</seriesType>
<equivalentSeriesGroups/>
<requiredGender/>
<selectSeries>
<defaultSeries>No</defaultSeries>
<productPath>No</productPath>
<seriesGroupName>Standard</seriesGroupName>
<seriesGroup>1</seriesGroup>
<seriesPriority>A</seriesPriority>
<seriesPreference>3</seriesPreference>
<minAgeToStart/>
<maxAgeToStart/>
</selectSeries>
<indication/>
<seriesDose>
<doseNumber>Dose 1</doseNumber>
<age>
<absMinAge>15 weeks</absMinAge>
<minAge>15 weeks</minAge>
<earliestRecAge/>
<latestRecAge/>
<maxAge>8 months + 1 day</maxAge>
<effectiveDate/>
<cessationDate/>
</age>
<interval/>
<allowableInterval/>
<preferableVaccine>
<vaccineType>Rotavirus, pentavalent</vaccineType>
<cvx>116</cvx>
<beginAge>6 weeks</beginAge>
<endAge>8 months + 1 day</endAge>
<tradeName/>
<mvx/>
<volume>2</volume>
<forecastVaccineType>N</forecastVaccineType>
</preferableVaccine>
<preferableVaccine>
<vaccineType>Rotavirus, monovalent</vaccineType>
<cvx>119</cvx>
<beginAge>6 weeks</beginAge>
<endAge>8 months + 1 day</endAge>
<tradeName/>
<mvx/>
<volume>1</volume>
<forecastVaccineType>N</forecastVaccineType>
</preferableVaccine>
<allowableVaccine>
<vaccineType>Rotavirus, tetravalent</vaccineType>
<cvx>74</cvx>
<beginAge>6 weeks - 4 days</beginAge>
<endAge/>
</allowableVaccine>
<allowableVaccine>
<vaccineType>Rotavirus, pentavalent</vaccineType>
<cvx>116</cvx>
<beginAge>6 weeks - 4 days</beginAge>
<endAge/>
</allowableVaccine>
<allowableVaccine>
<vaccineType>Rotavirus, monovalent</vaccineType>
<cvx>119</cvx>
<beginAge>6 weeks - 4 days</beginAge>
<endAge/>
</allowableVaccine>
<allowableVaccine>
<vaccineType>Rotavirus, unspecified formulation</vaccineType>
<cvx>122</cvx>
<beginAge>6 weeks - 4 days</beginAge>
<endAge/>
</allowableVaccine>
<inadvertentVaccine/>
<conditionalSkip/>
<recurringDose>No</recurringDose>
<seasonalRecommendation/>
</seriesDose>
<seriesDose>
<doseNumber>Dose 2</doseNumber>
<age>
<absMinAge/>
<minAge/>
<earliestRecAge>4 months</earliestRecAge>
<latestRecAge>5 months + 4 weeks</latestRecAge>
<maxAge>8 months + 1 day</maxAge>
<effectiveDate/>
<cessationDate/>
</age>
<interval>
<fromPrevious>Y</fromPrevious>
<fromTargetDose/>
<fromMostRecent/>
<fromRelevantObs/>
<absMinInt>4 weeks - 4 days</absMinInt>
<minInt>4 weeks</minInt>
<earliestRecInt>4 weeks</earliestRecInt>
<latestRecInt>13 weeks</latestRecInt>
<intervalPriority/>
<effectiveDate/>
<cessationDate/>
</interval>
<allowableInterval/>
<preferableVaccine>
<vaccineType>Rotavirus, pentavalent</vaccineType>
<cvx>116</cvx>
<beginAge>6 weeks</beginAge>
<endAge>8 months + 1 day</endAge>
<tradeName/>
<mvx/>
<volume>2</volume>
<forecastVaccineType>N</forecastVaccineType>
</preferableVaccine>
<preferableVaccine>
<vaccineType>Rotavirus, monovalent</vaccineType>
<cvx>119</cvx>
<beginAge>6 weeks</beginAge>
<endAge>8 months + 1 day</endAge>
<tradeName/>
<mvx/>
<volume>1</volume>
<forecastVaccineType>N</forecastVaccineType>
</preferableVaccine>
<allowableVaccine>
<vaccineType>Rotavirus, tetravalent</vaccineType>
<cvx>74</cvx>
<beginAge>6 weeks - 4 days</beginAge>
<endAge/>
</allowableVaccine>
<allowableVaccine>
<vaccineType>Rotavirus, pentavalent</vaccineType>
<cvx>116</cvx>
<beginAge>6 weeks - 4 days</beginAge>
<endAge/>
</allowableVaccine>
<allowableVaccine>
<vaccineType>Rotavirus, monovalent</vaccineType>
<cvx>119</cvx>
<beginAge>6 weeks - 4 days</beginAge>
<endAge/>
</allowableVaccine>
<allowableVaccine>
<vaccineType>Rotavirus, unspecified formulation</vaccineType>
<cvx>122</cvx>
<beginAge>6 weeks - 4 days</beginAge>
<endAge/>
</allowableVaccine>
<inadvertentVaccine/>
<conditionalSkip/>
<recurringDose>No</recurringDose>
<seasonalRecommendation/>
</seriesDose>
<seriesDose>
<doseNumber>Dose 3</doseNumber>
<age>
<absMinAge/>
<minAge/>
<earliestRecAge>6 months</earliestRecAge>
<latestRecAge>7 months + 4 weeks</latestRecAge>
<maxAge>8 months + 1 day</maxAge>
<effectiveDate/>
<cessationDate/>
</age>
<interval>
<fromPrevious>Y</fromPrevious>
<fromTargetDose/>
<fromMostRecent/>
<fromRelevantObs/>
<absMinInt>4 weeks - 4 days</absMinInt>
<minInt>4 weeks</minInt>
<earliestRecInt>8 weeks</earliestRecInt>
<latestRecInt>13 weeks</latestRecInt>
<intervalPriority/>
<effectiveDate/>
<cessationDate/>
</interval>
<allowableInterval/>
<preferableVaccine>
<vaccineType>Rotavirus, pentavalent</vaccineType>
<cvx>116</cvx>
<beginAge>6 weeks</beginAge>
<endAge>8 months + 1 day</endAge>
<tradeName/>
<mvx/>
<volume>2</volume>
<forecastVaccineType>N</forecastVaccineType>
</preferableVaccine>
<preferableVaccine>
<vaccineType>Rotavirus, monovalent</vaccineType>
<cvx>119</cvx>
<beginAge>6 weeks</beginAge>
<endAge>8 months + 1 day</endAge>
<tradeName/>
<mvx/>
<volume>1</volume>
<forecastVaccineType>N</forecastVaccineType>
</preferableVaccine>
<allowableVaccine>
<vaccineType>Rotavirus, tetravalent</vaccineType>
<cvx>74</cvx>
<beginAge>6 weeks - 4 days</beginAge>
<endAge/>
</allowableVaccine>
<allowableVaccine>
<vaccineType>Rotavirus, pentavalent</vaccineType>
<cvx>116</cvx>
<beginAge>6 weeks - 4 days</beginAge>
<endAge/>
</allowableVaccine>
<allowableVaccine>
<vaccineType>Rotavirus, monovalent</vaccineType>
<cvx>119</cvx>
<beginAge>6 weeks - 4 days</beginAge>
<endAge/>
</allowableVaccine>
<allowableVaccine>
<vaccineType>Rotavirus, unspecified formulation</vaccineType>
<cvx>122</cvx>
<beginAge>6 weeks - 4 days</beginAge>
<endAge/>
</allowableVaccine>
<inadvertentVaccine/>
<conditionalSkip/>
<recurringDose>No</recurringDose>
<seasonalRecommendation/>
</seriesDose>
</series>
<series>
<seriesName>Rotavirus 2-dose series</seriesName>
<targetDisease>Rotavirus</targetDisease>
<vaccineGroup>Rotavirus</vaccineGroup>
<seriesAdminGuidance>For children with known or suspected altered immunocompetence, ACIP advises consultation with an immunologist or infectious diseases specialist before administration of rotavirus vaccine.  Children who are immunocompromised because of congenital immunodeficiency, or hematopoietic stem cell or solid organ transplantation sometimes experience severe, prolonged, and even fatal wild-type rotavirus gastroenteritis.</seriesAdminGuidance>
<seriesType>Standard</seriesType>
<equivalentSeriesGroups/>
<requiredGender/>
<selectSeries>
<defaultSeries>No</defaultSeries>
<productPath>Yes</productPath>
<seriesGroupName>Standard</seriesGroupName>
<seriesGroup>1</seriesGroup>
<seriesPriority>A</seriesPriority>
<seriesPreference>2</seriesPreference>
<minAgeToStart/>
<maxAgeToStart/>
</selectSeries>
<indication/>
<seriesDose>
<doseNumber>Dose 1</doseNumber>
<age>
<absMinAge>6 weeks - 4 days</absMinAge>
<minAge>6 weeks</minAge>
<earliestRecAge>2 months</earliestRecAge>
<latestRecAge/>
<maxAge>15 weeks</maxAge>
<effectiveDate/>
<cessationDate/>
</age>
<interval/>
<allowableInterval/>
<preferableVaccine>
<vaccineType>Rotavirus, monovalent</vaccineType>
<cvx>119</cvx>
<beginAge>6 weeks</beginAge>
<endAge>8 months + 1 day</endAge>
<tradeName/>
<mvx/>
<volume>1</volume>
<forecastVaccineType>Y</forecastVaccineType>
</preferableVaccine>
<allowableVaccine>
<vaccineType>Rotavirus, monovalent</vaccineType>
<cvx>119</cvx>
<beginAge>6 weeks - 4 days</beginAge>
<endAge/>
</allowableVaccine>
<inadvertentVaccine/>
<conditionalSkip/>
<recurringDose>No</recurringDose>
<seasonalRecommendation/>
</seriesDose>
<seriesDose>
<doseNumber>Dose 2</doseNumber>
<age>
<absMinAge>10 weeks - 4 days</absMinAge>
<minAge>10 weeks</minAge>
<earliestRecAge>4 months</earliestRecAge>
<latestRecAge>5 months + 4 weeks</latestRecAge>
<maxAge>8 months + 1 day</maxAge>
<effectiveDate/>
<cessationDate/>
</age>
<interval>
<fromPrevious>Y</fromPrevious>
<fromTargetDose/>
<fromMostRecent/>
<fromRelevantObs/>
<absMinInt>4 weeks - 4 days</absMinInt>
<minInt>4 weeks</minInt>
<earliestRecInt>8 weeks</earliestRecInt>
<latestRecInt>13 weeks</latestRecInt>
<intervalPriority/>
<effectiveDate/>
<cessationDate/>
</interval>
<allowableInterval/>
<preferableVaccine>
<vaccineType>Rotavirus, monovalent</vaccineType>
<cvx>119</cvx>
<beginAge>6 weeks</beginAge>
<endAge>8 months + 1 day</endAge>
<tradeName/>
<mvx/>
<volume>1</volume>
<forecastVaccineType>Y</forecastVaccineType>
</preferableVaccine>
<allowableVaccine>
<vaccineType>Rotavirus, monovalent</vaccineType>
<cvx>119</cvx>
<beginAge>6 weeks - 4 days</beginAge>
<endAge/>
</allowableVaccine>
<inadvertentVaccine/>
<conditionalSkip/>
<recurringDose>No</recurringDose>
<seasonalRecommendation/>
</seriesDose>
</series>
<series>
<seriesName>Rotavirus late start at 15 weeks 2-dose series</seriesName>
<targetDisease>Rotavirus</targetDisease>
<vaccineGroup>Rotavirus</vaccineGroup>
<seriesAdminGuidance>For children with known or suspected altered immunocompetence, ACIP advises consultation with an immunologist or infectious diseases specialist before administration of rotavirus vaccine.  Children who are immunocompromised because of congenital immunodeficiency, or hematopoietic stem cell or solid organ transplantation sometimes experience severe, prolonged, and even fatal wild-type rotavirus gastroenteritis.</seriesAdminGuidance>
<seriesAdminGuidance>Vaccination should not be initiated for infants age 15 weeks 0 days or older because there are insufficient data on the safety of dose #1 in older infants. Infants for whom the first dose of rotavirus vaccine was inadvertently administered at age 15 weeks or older should receive the remaining doses of the series at the routinely recommended intervals.</seriesAdminGuidance>
<seriesType>Standard</seriesType>
<equivalentSeriesGroups/>
<requiredGender/>
<selectSeries>
<defaultSeries>No</defaultSeries>
<productPath>Yes</productPath>
<seriesGroupName>Standard</seriesGroupName>
<seriesGroup>1</seriesGroup>
<seriesPriority>A</seriesPriority>
<seriesPreference>4</seriesPreference>
<minAgeToStart/>
<maxAgeToStart/>
</selectSeries>
<indication/>
<seriesDose>
<doseNumber>Dose 1</doseNumber>
<age>
<absMinAge>15 weeks</absMinAge>
<minAge>15 weeks</minAge>
<earliestRecAge/>
<latestRecAge/>
<maxAge>8 months + 1 day</maxAge>
<effectiveDate/>
<cessationDate/>
</age>
<interval/>
<allowableInterval/>
<preferableVaccine>
<vaccineType>Rotavirus, monovalent</vaccineType>
<cvx>119</cvx>
<beginAge>6 weeks</beginAge>
<endAge>8 months + 1 day</endAge>
<tradeName/>
<mvx/>
<volume>1</volume>
<forecastVaccineType>Y</forecastVaccineType>
</preferableVaccine>
<allowableVaccine>
<vaccineType>Rotavirus, monovalent</vaccineType>
<cvx>119</cvx>
<beginAge>6 weeks - 4 days</beginAge>
<endAge/>
</allowableVaccine>
<inadvertentVaccine/>
<conditionalSkip/>
<recurringDose>No</recurringDose>
<seasonalRecommendation/>
</seriesDose>
<seriesDose>
<doseNumber>Dose 2</doseNumber>
<age>
<absMinAge/>
<minAge/>
<earliestRecAge>4 months</earliestRecAge>
<latestRecAge>5 months + 4 weeks</latestRecAge>
<maxAge>8 months + 1 day</maxAge>
<effectiveDate/>
<cessationDate/>
</age>
<interval>
<fromPrevious>Y</fromPrevious>
<fromTargetDose/>
<fromMostRecent/>
<fromRelevantObs/>
<absMinInt>4 weeks - 4 days</absMinInt>
<minInt>4 weeks</minInt>
<earliestRecInt>8 weeks</earliestRecInt>
<latestRecInt>13 weeks</latestRecInt>
<intervalPriority/>
<effectiveDate/>
<cessationDate/>
</interval>
<allowableInterval/>
<preferableVaccine>
<vaccineType>Rotavirus, monovalent</vaccineType>
<cvx>119</cvx>
<beginAge>6 weeks</beginAge>
<endAge>8 months + 1 day</endAge>
<tradeName/>
<mvx/>
<volume>1</volume>
<forecastVaccineType>Y</forecastVaccineType>
</preferableVaccine>
<allowableVaccine>
<vaccineType>Rotavirus, monovalent</vaccineType>
<cvx>119</cvx>
<beginAge>6 weeks - 4 days</beginAge>
<endAge/>
</allowableVaccine>
<inadvertentVaccine/>
<conditionalSkip/>
<recurringDose>No</recurringDose>
<seasonalRecommendation/>
</seriesDose>
</series>
</antigenSupportingData>
