<antigenSupportingData>
<immunity>
<clinicalHistory>
<guideline>Laboratory Evidence of Immunity or confirmation of Hepatitis B Disease</guideline>
<mapping>
<conceptCodeSystem>SNOMED-CT</conceptCodeSystem>
<conceptCode>271511000</conceptCode>
<conceptText>Hepatitis B Immune (Finding)</conceptText>
</mapping>
</clinicalHistory>
</immunity>
<series>
<seriesName>Hep B 3 Dose Primary Series</seriesName>
<targetDisease>HepB</targetDisease>
<vaccineGroup>HepB</vaccineGroup>
<selectBest>
<defaultSeries>Yes</defaultSeries>
<productPath>No</productPath>
<seriesPreference>1</seriesPreference>
<minAgeToStart>n/a</minAgeToStart>
<maxAgeToStart>n/a</maxAgeToStart>
</selectBest>
<seriesDose>
<doseNumber>Dose 1</doseNumber>
<age>
<absMinAge>0 days</absMinAge>
<minAge>0 days</minAge>
<earliestRecAge>0 days</earliestRecAge>
<latestRecAge>4 weeks</latestRecAge>
<maxAge/>
</age>
<interval/>
<allowableInterval/>
<preferableVaccine>
<vaccineType>Hep B, Adol/peds</vaccineType>
<cvx>08</cvx>
<beginAge>0 days</beginAge>
<endAge>20 years</endAge>
<tradeName/>
<mvx/>
<volume>0.5</volume>
<forecastVaccineType>N</forecastVaccineType>
</preferableVaccine>
<preferableVaccine>
<vaccineType>Hep B, Adult</vaccineType>
<cvx>43</cvx>
<beginAge>20 years</beginAge>
<endAge/>
<tradeName/>
<mvx/>
<volume>1</volume>
<forecastVaccineType>Y</forecastVaccineType>
</preferableVaccine>
<preferableVaccine>
<vaccineType>Hep B, Dialysis</vaccineType>
<cvx>44</cvx>
<beginAge>20 years</beginAge>
<endAge/>
<tradeName/>
<mvx/>
<volume>1</volume>
<forecastVaccineType>N</forecastVaccineType>
</preferableVaccine>
<preferableVaccine>
<vaccineType>Hib-HepB</vaccineType>
<cvx>51</cvx>
<beginAge>6 weeks</beginAge>
<endAge>6 years</endAge>
<tradeName/>
<mvx/>
<volume>0.5</volume>
<forecastVaccineType>N</forecastVaccineType>
</preferableVaccine>
<preferableVaccine>
<vaccineType>DTaP-HepB-IPV</vaccineType>
<cvx>110</cvx>
<beginAge>6 weeks</beginAge>
<endAge>7 years</endAge>
<tradeName/>
<mvx/>
<volume>0.5</volume>
<forecastVaccineType>N</forecastVaccineType>
</preferableVaccine>
<allowableVaccine>
<vaccineType>Hep B, Adol/peds</vaccineType>
<cvx>08</cvx>
<beginAge>0 days</beginAge>
<endAge/>
</allowableVaccine>
<allowableVaccine>
<vaccineType>Hep B, Adol/high risk infant</vaccineType>
<cvx>42</cvx>
<beginAge>0 days</beginAge>
<endAge/>
</allowableVaccine>
<allowableVaccine>
<vaccineType>Hep B, Adult</vaccineType>
<cvx>43</cvx>
<beginAge>0 days</beginAge>
<endAge/>
</allowableVaccine>
<allowableVaccine>
<vaccineType>Hep B, Dialysis</vaccineType>
<cvx>44</cvx>
<beginAge>0 days</beginAge>
<endAge/>
</allowableVaccine>
<allowableVaccine>
<vaccineType>Hep B, Unspecified Formulation</vaccineType>
<cvx>45</cvx>
<beginAge>0 days</beginAge>
<endAge/>
</allowableVaccine>
<allowableVaccine>
<vaccineType>Hib-HepB</vaccineType>
<cvx>51</cvx>
<beginAge>0 days</beginAge>
<endAge/>
</allowableVaccine>
<allowableVaccine>
<vaccineType>DTaP-Hib-HepB</vaccineType>
<cvx>102</cvx>
<beginAge>0 days</beginAge>
<endAge/>
</allowableVaccine>
<allowableVaccine>
<vaccineType>DTaP-HepB-IPV</vaccineType>
<cvx>110</cvx>
<beginAge>0 days</beginAge>
<endAge/>
</allowableVaccine>
<allowableVaccine>
<vaccineType>DTaP-IPV-Hib-HepB, historical</vaccineType>
<cvx>132</cvx>
<beginAge>0 days</beginAge>
<endAge/>
</allowableVaccine>
<allowableVaccine>
<vaccineType>HepA-HepB</vaccineType>
<cvx>104</cvx>
<beginAge>0 days</beginAge>
<endAge/>
</allowableVaccine>
<conditionalSkip/>
<recurringDose>No</recurringDose>
<seasonalRecommendation/>
<requiredGender/>
</seriesDose>
<seriesDose>
<doseNumber>Dose 2</doseNumber>
<age>
<absMinAge>4 weeks - 4 days</absMinAge>
<minAge>4 weeks</minAge>
<earliestRecAge>1 month</earliestRecAge>
<latestRecAge>3 months + 4 weeks</latestRecAge>
<maxAge/>
</age>
<interval>
<fromPrevious>Y</fromPrevious>
<fromTargetDose/>
<fromMostRecent/>
<absMinInt>4 weeks - 4 days</absMinInt>
<minInt>4 weeks</minInt>
<earliestRecInt>4 weeks</earliestRecInt>
<latestRecInt>5 months + 4 weeks</latestRecInt>
<intervalPriority/>
</interval>
<allowableInterval/>
<preferableVaccine>
<vaccineType>Hep B, Adol/peds</vaccineType>
<cvx>08</cvx>
<beginAge>0 days</beginAge>
<endAge>20 years</endAge>
<tradeName/>
<mvx/>
<volume>0.5</volume>
<forecastVaccineType>N</forecastVaccineType>
</preferableVaccine>
<preferableVaccine>
<vaccineType>Hep B, Adult</vaccineType>
<cvx>43</cvx>
<beginAge>20 years</beginAge>
<endAge/>
<tradeName/>
<mvx/>
<volume>1</volume>
<forecastVaccineType>Y</forecastVaccineType>
</preferableVaccine>
<preferableVaccine>
<vaccineType>Hep B, Dialysis</vaccineType>
<cvx>44</cvx>
<beginAge>20 years</beginAge>
<endAge/>
<tradeName/>
<mvx/>
<volume>1</volume>
<forecastVaccineType>N</forecastVaccineType>
</preferableVaccine>
<preferableVaccine>
<vaccineType>Hib-HepB</vaccineType>
<cvx>51</cvx>
<beginAge>6 weeks</beginAge>
<endAge>6 years</endAge>
<tradeName/>
<mvx/>
<volume>0.5</volume>
<forecastVaccineType>N</forecastVaccineType>
</preferableVaccine>
<preferableVaccine>
<vaccineType>DTaP-HepB-IPV</vaccineType>
<cvx>110</cvx>
<beginAge>6 weeks</beginAge>
<endAge>7 years</endAge>
<tradeName/>
<mvx/>
<volume>0.5</volume>
<forecastVaccineType>N</forecastVaccineType>
</preferableVaccine>
<allowableVaccine>
<vaccineType>Hep B, Adol/peds</vaccineType>
<cvx>08</cvx>
<beginAge>0 days</beginAge>
<endAge/>
</allowableVaccine>
<allowableVaccine>
<vaccineType>Hep B, Adol/high risk infant</vaccineType>
<cvx>42</cvx>
<beginAge>0 days</beginAge>
<endAge/>
</allowableVaccine>
<allowableVaccine>
<vaccineType>Hep B, Adult</vaccineType>
<cvx>43</cvx>
<beginAge>0 days</beginAge>
<endAge/>
</allowableVaccine>
<allowableVaccine>
<vaccineType>Hep B, Dialysis</vaccineType>
<cvx>44</cvx>
<beginAge>0 days</beginAge>
<endAge/>
</allowableVaccine>
<allowableVaccine>
<vaccineType>Hep B, Unspecified Formulation</vaccineType>
<cvx>45</cvx>
<beginAge>0 days</beginAge>
<endAge/>
</allowableVaccine>
<allowableVaccine>
<vaccineType>Hib-HepB</vaccineType>
<cvx>51</cvx>
<beginAge>0 days</beginAge>
<endAge/>
</allowableVaccine>
<allowableVaccine>
<vaccineType>DTaP-Hib-HepB</vaccineType>
<cvx>102</cvx>
<beginAge>0 days</beginAge>
<endAge/>
</allowableVaccine>
<allowableVaccine>
<vaccineType>DTaP-HepB-IPV</vaccineType>
<cvx>110</cvx>
<beginAge>0 days</beginAge>
<endAge/>
</allowableVaccine>
<allowableVaccine>
<vaccineType>DTaP-IPV-Hib-HepB, historical</vaccineType>
<cvx>132</cvx>
<beginAge>0 days</beginAge>
<endAge/>
</allowableVaccine>
<allowableVaccine>
<vaccineType>HepA-HepB</vaccineType>
<cvx>104</cvx>
<beginAge>0 days</beginAge>
<endAge/>
</allowableVaccine>
<conditionalSkip/>
<recurringDose>No</recurringDose>
<seasonalRecommendation/>
<requiredGender/>
</seriesDose>
<seriesDose>
<doseNumber>Dose 3</doseNumber>
<age>
<absMinAge>24 weeks - 4 days</absMinAge>
<minAge>24 weeks</minAge>
<earliestRecAge>6 months</earliestRecAge>
<latestRecAge>19 months + 4 weeks</latestRecAge>
<maxAge/>
</age>
<interval>
<fromPrevious>Y</fromPrevious>
<fromTargetDose/>
<fromMostRecent/>
<absMinInt>8 weeks - 4 days</absMinInt>
<minInt>8 weeks</minInt>
<earliestRecInt>8 weeks</earliestRecInt>
<latestRecInt>18 months + 4 weeks</latestRecInt>
<intervalPriority/>
</interval>
<interval>
<fromPrevious>N</fromPrevious>
<fromTargetDose>1</fromTargetDose>
<fromMostRecent/>
<absMinInt>16 weeks - 4 days</absMinInt>
<minInt>16 weeks</minInt>
<earliestRecInt/>
<latestRecInt/>
<intervalPriority/>
</interval>
<allowableInterval/>
<preferableVaccine>
<vaccineType>Hep B, Adol/peds</vaccineType>
<cvx>08</cvx>
<beginAge>0 days</beginAge>
<endAge>20 years</endAge>
<tradeName/>
<mvx/>
<volume>0.5</volume>
<forecastVaccineType>N</forecastVaccineType>
</preferableVaccine>
<preferableVaccine>
<vaccineType>Hep B, Adult</vaccineType>
<cvx>43</cvx>
<beginAge>20 years</beginAge>
<endAge/>
<tradeName/>
<mvx/>
<volume>1</volume>
<forecastVaccineType>Y</forecastVaccineType>
</preferableVaccine>
<preferableVaccine>
<vaccineType>Hep B, Dialysis</vaccineType>
<cvx>44</cvx>
<beginAge>20 years</beginAge>
<endAge/>
<tradeName/>
<mvx/>
<volume>1</volume>
<forecastVaccineType>N</forecastVaccineType>
</preferableVaccine>
<preferableVaccine>
<vaccineType>Hib-HepB</vaccineType>
<cvx>51</cvx>
<beginAge>6 weeks</beginAge>
<endAge>6 years</endAge>
<tradeName/>
<mvx/>
<volume>0.5</volume>
<forecastVaccineType>N</forecastVaccineType>
</preferableVaccine>
<preferableVaccine>
<vaccineType>DTaP-HepB-IPV</vaccineType>
<cvx>110</cvx>
<beginAge>6 weeks</beginAge>
<endAge>7 years</endAge>
<tradeName/>
<mvx/>
<volume>0.5</volume>
<forecastVaccineType>N</forecastVaccineType>
</preferableVaccine>
<allowableVaccine>
<vaccineType>Hep B, Adol/peds</vaccineType>
<cvx>08</cvx>
<beginAge>0 days</beginAge>
<endAge/>
</allowableVaccine>
<allowableVaccine>
<vaccineType>Hep B, Adol/high risk infant</vaccineType>
<cvx>42</cvx>
<beginAge>0 days</beginAge>
<endAge/>
</allowableVaccine>
<allowableVaccine>
<vaccineType>Hep B, Adult</vaccineType>
<cvx>43</cvx>
<beginAge>0 days</beginAge>
<endAge/>
</allowableVaccine>
<allowableVaccine>
<vaccineType>Hep B, Dialysis</vaccineType>
<cvx>44</cvx>
<beginAge>0 days</beginAge>
<endAge/>
</allowableVaccine>
<allowableVaccine>
<vaccineType>Hep B, Unspecified Formulation</vaccineType>
<cvx>45</cvx>
<beginAge>0 days</beginAge>
<endAge/>
</allowableVaccine>
<allowableVaccine>
<vaccineType>Hib-HepB</vaccineType>
<cvx>51</cvx>
<beginAge>0 days</beginAge>
<endAge/>
</allowableVaccine>
<allowableVaccine>
<vaccineType>DTaP-Hib-HepB</vaccineType>
<cvx>102</cvx>
<beginAge>0 days</beginAge>
<endAge/>
</allowableVaccine>
<allowableVaccine>
<vaccineType>DTaP-HepB-IPV</vaccineType>
<cvx>110</cvx>
<beginAge>0 days</beginAge>
<endAge/>
</allowableVaccine>
<allowableVaccine>
<vaccineType>DTaP-IPV-Hib-HepB, historical</vaccineType>
<cvx>132</cvx>
<beginAge>0 days</beginAge>
<endAge/>
</allowableVaccine>
<allowableVaccine>
<vaccineType>HepA-HepB</vaccineType>
<cvx>104</cvx>
<beginAge>0 days</beginAge>
<endAge/>
</allowableVaccine>
<conditionalSkip/>
<recurringDose>No</recurringDose>
<seasonalRecommendation/>
<requiredGender/>
</seriesDose>
</series>
<series>
<seriesName>Hep B 4 Dose Series</seriesName>
<targetDisease>HepB</targetDisease>
<vaccineGroup>HepB</vaccineGroup>
<selectBest>
<defaultSeries>No</defaultSeries>
<productPath>No</productPath>
<seriesPreference>2</seriesPreference>
<minAgeToStart>n/a</minAgeToStart>
<maxAgeToStart>n/a</maxAgeToStart>
</selectBest>
<seriesDose>
<doseNumber>Dose 1</doseNumber>
<age>
<absMinAge>0 days</absMinAge>
<minAge>0 days</minAge>
<earliestRecAge>0 days</earliestRecAge>
<latestRecAge>4 weeks</latestRecAge>
<maxAge/>
</age>
<interval/>
<allowableInterval/>
<preferableVaccine>
<vaccineType>Hep B, Adol/peds</vaccineType>
<cvx>08</cvx>
<beginAge>0 days</beginAge>
<endAge>20 years</endAge>
<tradeName/>
<mvx/>
<volume>0.5</volume>
<forecastVaccineType>N</forecastVaccineType>
</preferableVaccine>
<preferableVaccine>
<vaccineType>Hib-HepB</vaccineType>
<cvx>51</cvx>
<beginAge>6 weeks</beginAge>
<endAge>6 years</endAge>
<tradeName/>
<mvx/>
<volume>0.5</volume>
<forecastVaccineType>N</forecastVaccineType>
</preferableVaccine>
<preferableVaccine>
<vaccineType>DTaP-HepB-IPV</vaccineType>
<cvx>110</cvx>
<beginAge>6 weeks</beginAge>
<endAge>7 years</endAge>
<tradeName/>
<mvx/>
<volume>0.5</volume>
<forecastVaccineType>N</forecastVaccineType>
</preferableVaccine>
<allowableVaccine>
<vaccineType>Hep B, Adol/peds</vaccineType>
<cvx>08</cvx>
<beginAge>0 days</beginAge>
<endAge/>
</allowableVaccine>
<allowableVaccine>
<vaccineType>Hep B, Adol/high risk infant</vaccineType>
<cvx>42</cvx>
<beginAge>0 days</beginAge>
<endAge/>
</allowableVaccine>
<allowableVaccine>
<vaccineType>Hep B, Adult</vaccineType>
<cvx>43</cvx>
<beginAge>0 days</beginAge>
<endAge/>
</allowableVaccine>
<allowableVaccine>
<vaccineType>Hep B, Dialysis</vaccineType>
<cvx>44</cvx>
<beginAge>0 days</beginAge>
<endAge/>
</allowableVaccine>
<allowableVaccine>
<vaccineType>Hep B, Unspecified Formulation</vaccineType>
<cvx>45</cvx>
<beginAge>0 days</beginAge>
<endAge/>
</allowableVaccine>
<allowableVaccine>
<vaccineType>Hib-HepB</vaccineType>
<cvx>51</cvx>
<beginAge>0 days</beginAge>
<endAge/>
</allowableVaccine>
<allowableVaccine>
<vaccineType>DTaP-Hib-HepB</vaccineType>
<cvx>102</cvx>
<beginAge>0 days</beginAge>
<endAge/>
</allowableVaccine>
<allowableVaccine>
<vaccineType>DTaP-HepB-IPV</vaccineType>
<cvx>110</cvx>
<beginAge>0 days</beginAge>
<endAge/>
</allowableVaccine>
<allowableVaccine>
<vaccineType>DTaP-IPV-Hib-HepB, historical</vaccineType>
<cvx>132</cvx>
<beginAge>0 days</beginAge>
<endAge/>
</allowableVaccine>
<allowableVaccine>
<vaccineType>HepA-HepB</vaccineType>
<cvx>104</cvx>
<beginAge>0 days</beginAge>
<endAge/>
</allowableVaccine>
<conditionalSkip/>
<recurringDose>No</recurringDose>
<seasonalRecommendation/>
<requiredGender/>
</seriesDose>
<seriesDose>
<doseNumber>Dose 2</doseNumber>
<age>
<absMinAge>4 weeks - 4 days</absMinAge>
<minAge>4 weeks</minAge>
<earliestRecAge>2 months</earliestRecAge>
<latestRecAge>3 months + 4 weeks</latestRecAge>
<maxAge/>
</age>
<interval>
<fromPrevious>Y</fromPrevious>
<fromTargetDose/>
<fromMostRecent/>
<absMinInt>4 weeks - 4 days</absMinInt>
<minInt>4 weeks</minInt>
<earliestRecInt>4 weeks</earliestRecInt>
<latestRecInt>5 months + 4 weeks</latestRecInt>
<intervalPriority/>
</interval>
<allowableInterval/>
<preferableVaccine>
<vaccineType>Hib-HepB</vaccineType>
<cvx>51</cvx>
<beginAge>6 weeks</beginAge>
<endAge>6 years</endAge>
<tradeName/>
<mvx/>
<volume>0.5</volume>
<forecastVaccineType>N</forecastVaccineType>
</preferableVaccine>
<preferableVaccine>
<vaccineType>DTaP-HepB-IPV</vaccineType>
<cvx>110</cvx>
<beginAge>6 weeks</beginAge>
<endAge>7 years</endAge>
<tradeName/>
<mvx/>
<volume>0.5</volume>
<forecastVaccineType>N</forecastVaccineType>
</preferableVaccine>
<allowableVaccine>
<vaccineType>Hep B, Adol/peds</vaccineType>
<cvx>08</cvx>
<beginAge>0 days</beginAge>
<endAge/>
</allowableVaccine>
<allowableVaccine>
<vaccineType>Hep B, Adol/high risk infant</vaccineType>
<cvx>42</cvx>
<beginAge>0 days</beginAge>
<endAge/>
</allowableVaccine>
<allowableVaccine>
<vaccineType>Hep B, Adult</vaccineType>
<cvx>43</cvx>
<beginAge>0 days</beginAge>
<endAge/>
</allowableVaccine>
<allowableVaccine>
<vaccineType>Hep B, Dialysis</vaccineType>
<cvx>44</cvx>
<beginAge>0 days</beginAge>
<endAge/>
</allowableVaccine>
<allowableVaccine>
<vaccineType>Hep B, Unspecified Formulation</vaccineType>
<cvx>45</cvx>
<beginAge>0 days</beginAge>
<endAge/>
</allowableVaccine>
<allowableVaccine>
<vaccineType>Hib-HepB</vaccineType>
<cvx>51</cvx>
<beginAge>0 days</beginAge>
<endAge/>
</allowableVaccine>
<allowableVaccine>
<vaccineType>DTaP-Hib-HepB</vaccineType>
<cvx>102</cvx>
<beginAge>0 days</beginAge>
<endAge/>
</allowableVaccine>
<allowableVaccine>
<vaccineType>DTaP-HepB-IPV</vaccineType>
<cvx>110</cvx>
<beginAge>0 days</beginAge>
<endAge/>
</allowableVaccine>
<allowableVaccine>
<vaccineType>DTaP-IPV-Hib-HepB, historical</vaccineType>
<cvx>132</cvx>
<beginAge>0 days</beginAge>
<endAge/>
</allowableVaccine>
<allowableVaccine>
<vaccineType>HepA-HepB</vaccineType>
<cvx>104</cvx>
<beginAge>0 days</beginAge>
<endAge/>
</allowableVaccine>
<conditionalSkip/>
<recurringDose>No</recurringDose>
<seasonalRecommendation/>
<requiredGender/>
</seriesDose>
<seriesDose>
<doseNumber>Dose 3</doseNumber>
<age>
<absMinAge/>
<minAge/>
<earliestRecAge/>
<latestRecAge/>
<maxAge/>
</age>
<interval/>
<allowableInterval/>
<preferableVaccine>
<vaccineType>Hib-HepB</vaccineType>
<cvx>51</cvx>
<beginAge>6 weeks</beginAge>
<endAge>6 years</endAge>
<tradeName/>
<mvx/>
<volume>0.5</volume>
<forecastVaccineType>N</forecastVaccineType>
</preferableVaccine>
<preferableVaccine>
<vaccineType>DTaP-HepB-IPV</vaccineType>
<cvx>110</cvx>
<beginAge>6 weeks</beginAge>
<endAge>7 years</endAge>
<tradeName/>
<mvx/>
<volume>0.5</volume>
<forecastVaccineType>N</forecastVaccineType>
</preferableVaccine>
<allowableVaccine>
<vaccineType>Hep B, Adol/peds</vaccineType>
<cvx>08</cvx>
<beginAge>0 days</beginAge>
<endAge/>
</allowableVaccine>
<allowableVaccine>
<vaccineType>Hep B, Adol/high risk infant</vaccineType>
<cvx>42</cvx>
<beginAge>0 days</beginAge>
<endAge/>
</allowableVaccine>
<allowableVaccine>
<vaccineType>Hep B, Adult</vaccineType>
<cvx>43</cvx>
<beginAge>0 days</beginAge>
<endAge/>
</allowableVaccine>
<allowableVaccine>
<vaccineType>Hep B, Dialysis</vaccineType>
<cvx>44</cvx>
<beginAge>0 days</beginAge>
<endAge/>
</allowableVaccine>
<allowableVaccine>
<vaccineType>Hep B, Unspecified Formulation</vaccineType>
<cvx>45</cvx>
<beginAge>0 days</beginAge>
<endAge/>
</allowableVaccine>
<allowableVaccine>
<vaccineType>Hib-HepB</vaccineType>
<cvx>51</cvx>
<beginAge>0 days</beginAge>
<endAge/>
</allowableVaccine>
<allowableVaccine>
<vaccineType>DTaP-Hib-HepB</vaccineType>
<cvx>102</cvx>
<beginAge>0 days</beginAge>
<endAge/>
</allowableVaccine>
<allowableVaccine>
<vaccineType>DTaP-HepB-IPV</vaccineType>
<cvx>110</cvx>
<beginAge>0 days</beginAge>
<endAge/>
</allowableVaccine>
<allowableVaccine>
<vaccineType>DTaP-IPV-Hib-HepB, historical</vaccineType>
<cvx>132</cvx>
<beginAge>0 days</beginAge>
<endAge/>
</allowableVaccine>
<allowableVaccine>
<vaccineType>HepA-HepB</vaccineType>
<cvx>104</cvx>
<beginAge>0 days</beginAge>
<endAge/>
</allowableVaccine>
<conditionalSkip/>
<recurringDose>No</recurringDose>
<seasonalRecommendation/>
<requiredGender/>
</seriesDose>
<seriesDose>
<doseNumber>Dose 4</doseNumber>
<age>
<absMinAge>24 weeks - 4 days</absMinAge>
<minAge>24 weeks</minAge>
<earliestRecAge>6 months</earliestRecAge>
<latestRecAge>19 months + 4 weeks</latestRecAge>
<maxAge/>
</age>
<interval>
<fromPrevious>Y</fromPrevious>
<fromTargetDose/>
<fromMostRecent/>
<absMinInt>8 weeks - 4 days</absMinInt>
<minInt>8 weeks</minInt>
<earliestRecInt/>
<latestRecInt/>
<intervalPriority/>
</interval>
<interval>
<fromPrevious>N</fromPrevious>
<fromTargetDose>1</fromTargetDose>
<fromMostRecent/>
<absMinInt>16 weeks - 4 days</absMinInt>
<minInt>16 weeks</minInt>
<earliestRecInt/>
<latestRecInt/>
<intervalPriority/>
</interval>
<allowableInterval>
<fromPrevious>N</fromPrevious>
<fromTargetDose>1</fromTargetDose>
<absMinInt>16 weeks - 4 days</absMinInt>
</allowableInterval>
<preferableVaccine>
<vaccineType>Hib-HepB</vaccineType>
<cvx>51</cvx>
<beginAge>6 weeks</beginAge>
<endAge>6 years</endAge>
<tradeName/>
<mvx/>
<volume>0.5</volume>
<forecastVaccineType>N</forecastVaccineType>
</preferableVaccine>
<preferableVaccine>
<vaccineType>DTaP-HepB-IPV</vaccineType>
<cvx>110</cvx>
<beginAge>6 weeks</beginAge>
<endAge>7 years</endAge>
<tradeName/>
<mvx/>
<volume>0.5</volume>
<forecastVaccineType>N</forecastVaccineType>
</preferableVaccine>
<allowableVaccine>
<vaccineType>Hep B, Adol/peds</vaccineType>
<cvx>08</cvx>
<beginAge>0 days</beginAge>
<endAge/>
</allowableVaccine>
<allowableVaccine>
<vaccineType>Hep B, Adol/high risk infant</vaccineType>
<cvx>42</cvx>
<beginAge>0 days</beginAge>
<endAge/>
</allowableVaccine>
<allowableVaccine>
<vaccineType>Hep B, Adult</vaccineType>
<cvx>43</cvx>
<beginAge>0 days</beginAge>
<endAge/>
</allowableVaccine>
<allowableVaccine>
<vaccineType>Hep B, Dialysis</vaccineType>
<cvx>44</cvx>
<beginAge>0 days</beginAge>
<endAge/>
</allowableVaccine>
<allowableVaccine>
<vaccineType>Hep B, Unspecified Formulation</vaccineType>
<cvx>45</cvx>
<beginAge>0 days</beginAge>
<endAge/>
</allowableVaccine>
<allowableVaccine>
<vaccineType>Hib-HepB</vaccineType>
<cvx>51</cvx>
<beginAge>0 days</beginAge>
<endAge/>
</allowableVaccine>
<allowableVaccine>
<vaccineType>DTaP-Hib-HepB</vaccineType>
<cvx>102</cvx>
<beginAge>0 days</beginAge>
<endAge/>
</allowableVaccine>
<allowableVaccine>
<vaccineType>DTaP-HepB-IPV</vaccineType>
<cvx>110</cvx>
<beginAge>0 days</beginAge>
<endAge/>
</allowableVaccine>
<allowableVaccine>
<vaccineType>DTaP-IPV-Hib-HepB, historical</vaccineType>
<cvx>132</cvx>
<beginAge>0 days</beginAge>
<endAge/>
</allowableVaccine>
<allowableVaccine>
<vaccineType>HepA-HepB</vaccineType>
<cvx>104</cvx>
<beginAge>0 days</beginAge>
<endAge/>
</allowableVaccine>
<conditionalSkip/>
<recurringDose>No</recurringDose>
<seasonalRecommendation/>
<requiredGender/>
</seriesDose>
</series>
<series>
<seriesName>Hep B 2 Dose Adolescent Series</seriesName>
<targetDisease>HepB</targetDisease>
<vaccineGroup>HepB</vaccineGroup>
<selectBest>
<defaultSeries>No</defaultSeries>
<productPath>Yes</productPath>
<seriesPreference>3</seriesPreference>
<minAgeToStart>n/a</minAgeToStart>
<maxAgeToStart>16 years - 4 months</maxAgeToStart>
</selectBest>
<seriesDose>
<doseNumber>Dose 1</doseNumber>
<age>
<absMinAge>11 years - 4 days</absMinAge>
<minAge>11 years</minAge>
<earliestRecAge>11 years</earliestRecAge>
<latestRecAge/>
<maxAge/>
</age>
<interval/>
<allowableInterval/>
<preferableVaccine>
<vaccineType>Hep B, Adult</vaccineType>
<cvx>43</cvx>
<beginAge/>
<endAge/>
<tradeName>RECOMBIVAX ADULT</tradeName>
<mvx>MSD</mvx>
<volume>1</volume>
<forecastVaccineType>Y</forecastVaccineType>
</preferableVaccine>
<allowableVaccine/>
<conditionalSkip/>
<recurringDose>No</recurringDose>
<seasonalRecommendation/>
<requiredGender/>
</seriesDose>
<seriesDose>
<doseNumber>Dose 2</doseNumber>
<age>
<absMinAge/>
<minAge/>
<earliestRecAge/>
<latestRecAge/>
<maxAge>16 years</maxAge>
</age>
<interval>
<fromPrevious>Y</fromPrevious>
<fromTargetDose/>
<fromMostRecent/>
<absMinInt>4 months - 4 days</absMinInt>
<minInt>4 months</minInt>
<earliestRecInt>4 months</earliestRecInt>
<latestRecInt>7 months + 4 weeks</latestRecInt>
<intervalPriority/>
</interval>
<allowableInterval/>
<preferableVaccine>
<vaccineType>Hep B, Adult</vaccineType>
<cvx>43</cvx>
<beginAge/>
<endAge/>
<tradeName>RECOMBIVAX ADULT</tradeName>
<mvx>MSD</mvx>
<volume>1</volume>
<forecastVaccineType>Y</forecastVaccineType>
</preferableVaccine>
<allowableVaccine/>
<conditionalSkip/>
<recurringDose>No</recurringDose>
<seasonalRecommendation/>
<requiredGender/>
</seriesDose>
</series>
<series>
<seriesName>Twinrix 3 Dose Series</seriesName>
<targetDisease>HepB</targetDisease>
<vaccineGroup>HepB</vaccineGroup>
<selectBest>
<defaultSeries>No</defaultSeries>
<productPath>Yes</productPath>
<seriesPreference>4</seriesPreference>
<minAgeToStart>n/a</minAgeToStart>
<maxAgeToStart>n/a</maxAgeToStart>
</selectBest>
<seriesDose>
<doseNumber>Dose 1</doseNumber>
<age>
<absMinAge>18 years - 4 days</absMinAge>
<minAge>18 years</minAge>
<earliestRecAge>18 years</earliestRecAge>
<latestRecAge/>
<maxAge/>
</age>
<interval/>
<allowableInterval/>
<preferableVaccine>
<vaccineType>HepA-HepB</vaccineType>
<cvx>104</cvx>
<beginAge>18 years</beginAge>
<endAge/>
<tradeName/>
<mvx/>
<volume>1</volume>
<forecastVaccineType>Y</forecastVaccineType>
</preferableVaccine>
<allowableVaccine/>
<conditionalSkip/>
<recurringDose>No</recurringDose>
<seasonalRecommendation/>
<requiredGender/>
</seriesDose>
<seriesDose>
<doseNumber>Dose 2</doseNumber>
<age>
<absMinAge/>
<minAge/>
<earliestRecAge/>
<latestRecAge/>
<maxAge/>
</age>
<interval>
<fromPrevious>Y</fromPrevious>
<fromTargetDose/>
<fromMostRecent/>
<absMinInt>4 weeks - 4 days</absMinInt>
<minInt>4 weeks</minInt>
<earliestRecInt>4 weeks</earliestRecInt>
<latestRecInt/>
<intervalPriority/>
</interval>
<allowableInterval/>
<preferableVaccine>
<vaccineType>HepA-HepB</vaccineType>
<cvx>104</cvx>
<beginAge>18 years</beginAge>
<endAge/>
<tradeName/>
<mvx/>
<volume>1</volume>
<forecastVaccineType>Y</forecastVaccineType>
</preferableVaccine>
<allowableVaccine>
<vaccineType>Hep B, Adult</vaccineType>
<cvx>43</cvx>
<beginAge/>
<endAge/>
</allowableVaccine>
<conditionalSkip/>
<recurringDose>No</recurringDose>
<seasonalRecommendation/>
<requiredGender/>
</seriesDose>
<seriesDose>
<doseNumber>Dose 3</doseNumber>
<age>
<absMinAge/>
<minAge/>
<earliestRecAge/>
<latestRecAge/>
<maxAge/>
</age>
<interval>
<fromPrevious>Y</fromPrevious>
<fromTargetDose/>
<fromMostRecent/>
<absMinInt>5 months - 4 days</absMinInt>
<minInt>5 months</minInt>
<earliestRecInt>5 months</earliestRecInt>
<latestRecInt/>
<intervalPriority/>
</interval>
<interval>
<fromPrevious>N</fromPrevious>
<fromTargetDose>1</fromTargetDose>
<fromMostRecent/>
<absMinInt>6 months</absMinInt>
<minInt>6 months</minInt>
<earliestRecInt>6 months</earliestRecInt>
<latestRecInt/>
<intervalPriority/>
</interval>
<allowableInterval/>
<preferableVaccine>
<vaccineType>HepA-HepB</vaccineType>
<cvx>104</cvx>
<beginAge>18 years</beginAge>
<endAge/>
<tradeName/>
<mvx/>
<volume>1</volume>
<forecastVaccineType>Y</forecastVaccineType>
</preferableVaccine>
<allowableVaccine>
<vaccineType>Hep B, Adult</vaccineType>
<cvx>43</cvx>
<beginAge/>
<endAge/>
</allowableVaccine>
<conditionalSkip/>
<recurringDose>No</recurringDose>
<seasonalRecommendation/>
<requiredGender/>
</seriesDose>
</series>
<series>
<seriesName>Twinrix 4 Dose Series</seriesName>
<targetDisease>HepB</targetDisease>
<vaccineGroup>HepB</vaccineGroup>
<selectBest>
<defaultSeries>No</defaultSeries>
<productPath>Yes</productPath>
<seriesPreference>5</seriesPreference>
<minAgeToStart>n/a</minAgeToStart>
<maxAgeToStart>n/a</maxAgeToStart>
</selectBest>
<seriesDose>
<doseNumber>Dose 1</doseNumber>
<age>
<absMinAge>18 years - 4 days</absMinAge>
<minAge>18 years</minAge>
<earliestRecAge>18 years</earliestRecAge>
<latestRecAge/>
<maxAge/>
</age>
<interval/>
<allowableInterval/>
<preferableVaccine>
<vaccineType>HepA-HepB</vaccineType>
<cvx>104</cvx>
<beginAge>18 years</beginAge>
<endAge/>
<tradeName/>
<mvx/>
<volume>1</volume>
<forecastVaccineType>Y</forecastVaccineType>
</preferableVaccine>
<allowableVaccine/>
<conditionalSkip/>
<recurringDose>No</recurringDose>
<seasonalRecommendation/>
<requiredGender/>
</seriesDose>
<seriesDose>
<doseNumber>Dose 2</doseNumber>
<age>
<absMinAge/>
<minAge/>
<earliestRecAge/>
<latestRecAge/>
<maxAge/>
</age>
<interval>
<fromPrevious>Y</fromPrevious>
<fromTargetDose/>
<fromMostRecent/>
<absMinInt>7 days</absMinInt>
<minInt>7 days</minInt>
<earliestRecInt>7 days</earliestRecInt>
<latestRecInt/>
<intervalPriority/>
</interval>
<allowableInterval/>
<preferableVaccine>
<vaccineType>HepA-HepB</vaccineType>
<cvx>104</cvx>
<beginAge>18 years</beginAge>
<endAge/>
<tradeName/>
<mvx/>
<volume>1</volume>
<forecastVaccineType>Y</forecastVaccineType>
</preferableVaccine>
<allowableVaccine/>
<conditionalSkip/>
<recurringDose>No</recurringDose>
<seasonalRecommendation/>
<requiredGender/>
</seriesDose>
<seriesDose>
<doseNumber>Dose 3</doseNumber>
<age>
<absMinAge/>
<minAge/>
<earliestRecAge/>
<latestRecAge/>
<maxAge/>
</age>
<interval>
<fromPrevious>Y</fromPrevious>
<fromTargetDose/>
<fromMostRecent/>
<absMinInt>14 days</absMinInt>
<minInt>14 days</minInt>
<earliestRecInt>14 days</earliestRecInt>
<latestRecInt>24 days</latestRecInt>
<intervalPriority/>
</interval>
<allowableInterval/>
<preferableVaccine>
<vaccineType>HepA-HepB</vaccineType>
<cvx>104</cvx>
<beginAge>18 years</beginAge>
<endAge/>
<tradeName/>
<mvx/>
<volume>1</volume>
<forecastVaccineType>Y</forecastVaccineType>
</preferableVaccine>
<allowableVaccine/>
<conditionalSkip/>
<recurringDose>No</recurringDose>
<seasonalRecommendation/>
<requiredGender/>
</seriesDose>
<seriesDose>
<doseNumber>Dose 4</doseNumber>
<age>
<absMinAge/>
<minAge/>
<earliestRecAge/>
<latestRecAge/>
<maxAge/>
</age>
<interval>
<fromPrevious>N</fromPrevious>
<fromTargetDose>1</fromTargetDose>
<fromMostRecent/>
<absMinInt>12 months - 4 days</absMinInt>
<minInt>12 months</minInt>
<earliestRecInt>12 months</earliestRecInt>
<latestRecInt/>
<intervalPriority/>
</interval>
<allowableInterval/>
<preferableVaccine>
<vaccineType>HepA-HepB</vaccineType>
<cvx>104</cvx>
<beginAge>18 years</beginAge>
<endAge/>
<tradeName/>
<mvx/>
<volume>1</volume>
<forecastVaccineType>Y</forecastVaccineType>
</preferableVaccine>
<allowableVaccine/>
<conditionalSkip/>
<recurringDose>No</recurringDose>
<seasonalRecommendation/>
<requiredGender/>
</seriesDose>
</series>
</antigenSupportingData>
