<antigenSupportingData>
<immunity>
<clinicalHistory>
<guideline>Laboratory Evidence of Immunity or confirmation of Varicella Disease</guideline>
<mapping>
<conceptCodeSystem>SNOMED-CT</conceptCodeSystem>
<conceptCode>371113008</conceptCode>
<conceptText>Varicella Immune</conceptText>
</mapping>
</clinicalHistory>
<clinicalHistory>
<guideline>Healthcare provider verified history of or diagnosis of Varicella</guideline>
<mapping>
<conceptCodeSystem>SNOMED-CT</conceptCodeSystem>
<conceptCode>
38907003</conceptCode>
<conceptText>Varicella (Disorder)</conceptText>
</mapping>
</clinicalHistory>
<clinicalHistory>
<guideline>Healthcare provider verified history or diagnosis of Herpes Zoster</guideline>
<mapping>
<conceptCodeSystem>SNOMED-CT</conceptCodeSystem>
<conceptCode>4740000</conceptCode>
<conceptText>Herpes Zoster (Disorder)</conceptText>
</mapping>
</clinicalHistory>
<dateOfBirth>
<immunityBirthDate>01/01/1980</immunityBirthDate>
<birthCountry>U.S.</birthCountry>
<exclusion>
<exclusionCondition>Healthcare Personnel</exclusionCondition>
<mapping>
<conceptCodeSystem>SNOMED-CT</conceptCodeSystem>
<conceptCode>223366009</conceptCode>
<conceptText>Healthcare professional (occupation)</conceptText>
</mapping>
</exclusion>
<exclusion>
<exclusionCondition>Pregnant
</exclusionCondition>
<mapping>
<conceptCodeSystem>SNOMED-CT</conceptCodeSystem>
<conceptCode>77386006</conceptCode>
<conceptText>Patient currently pregnant (finding)</conceptText>
</mapping>
<mapping>
<conceptCodeSystem>SNOMED-CT
</conceptCodeSystem>
<conceptCode>102874004</conceptCode>
<conceptText>Possible pregnancy (finding)</conceptText>
</mapping>
<mapping>
<conceptCodeSystem>SNOMED-CT
</conceptCodeSystem>
<conceptCode>255409004</conceptCode>
<conceptText>Pregnant woman (person)</conceptText>
</mapping>
</exclusion>
<exclusion>
<exclusionCondition>Immunocompromised</exclusionCondition>
<mapping>
<conceptCodeSystem>SNOMED-CT</conceptCodeSystem>
<conceptCode>370388006</conceptCode>
<conceptText>Patient Immunocompromised</conceptText>
</mapping>
</exclusion>
</dateOfBirth>
</immunity>
<series>
<seriesName>Varicella 2-Dose Childhood Series</seriesName>
<targetDisease>Varicella</targetDisease>
<vaccineGroup>Varicella</vaccineGroup>
<selectBest>
<defaultSeries>No</defaultSeries>
<productPath>No</productPath>
<seriesPreference>1</seriesPreference>
<minAgeToStart>n/a</minAgeToStart>
<maxAgeToStart>13 years</maxAgeToStart>
</selectBest>
<seriesDose>
<doseNumber>Dose 1</doseNumber>
<age>
<absMinAge>12 Months - 4 days</absMinAge>
<minAge>12 Months</minAge>
<earliestRecAge>12 Months</earliestRecAge>
<latestRecAge>16 Months + 4 weeks</latestRecAge>
<maxAge/>
</age>
<interval/>
<allowableInterval/>
<preferableVaccine>
<vaccineType>Varicella</vaccineType>
<cvx>21</cvx>
<beginAge>12 Months</beginAge>
<endAge/>
<tradeName/>
<mvx/>
<volume>0.5</volume>
<forecastVaccineType>N</forecastVaccineType>
</preferableVaccine>
<preferableVaccine>
<vaccineType>MMRV</vaccineType>
<cvx>94</cvx>
<beginAge>12 Months</beginAge>
<endAge>13 Years</endAge>
<tradeName/>
<mvx/>
<volume>0.5</volume>
<forecastVaccineType>N</forecastVaccineType>
</preferableVaccine>
<allowableVaccine>
<vaccineType>Varicella</vaccineType>
<cvx>21</cvx>
<beginAge>12 Months - 4 days</beginAge>
<endAge/>
</allowableVaccine>
<allowableVaccine>
<vaccineType>MMRV</vaccineType>
<cvx>94</cvx>
<beginAge>12 Months - 4 days</beginAge>
<endAge/>
</allowableVaccine>
<allowableVaccine>
<vaccineType>Zoster</vaccineType>
<cvx>121</cvx>
<beginAge>12 Months - 4 days</beginAge>
<endAge>50 years</endAge>
</allowableVaccine>
<conditionalSkip/>
<recurringDose>No</recurringDose>
<seasonalRecommendation/>
<requiredGender/>
</seriesDose>
<seriesDose>
<doseNumber>Dose 2</doseNumber>
<age>
<absMinAge>12 Months + 4 weeks</absMinAge>
<minAge>15 Months</minAge>
<earliestRecAge>4 years</earliestRecAge>
<latestRecAge>7 years + 4 weeks</latestRecAge>
<maxAge/>
</age>
<interval>
<fromPrevious>Y</fromPrevious>
<fromTargetDose/>
<fromMostRecent/>
<absMinInt>12 weeks - 4 days</absMinInt>
<minInt>12 weeks</minInt>
<earliestRecInt>3 years</earliestRecInt>
<latestRecInt>6 years + 4 weeks</latestRecInt>
<intervalPriority/>
</interval>
<allowableInterval>
<fromPrevious>Y</fromPrevious>
<fromTargetDose/>
<absMinInt>4 weeks</absMinInt>
</allowableInterval>
<preferableVaccine>
<vaccineType>Varicella</vaccineType>
<cvx>21</cvx>
<beginAge>12 Months</beginAge>
<endAge/>
<tradeName/>
<mvx/>
<volume>0.5</volume>
<forecastVaccineType>N</forecastVaccineType>
</preferableVaccine>
<preferableVaccine>
<vaccineType>MMRV</vaccineType>
<cvx>94</cvx>
<beginAge>12 Months</beginAge>
<endAge>13 Years</endAge>
<tradeName/>
<mvx/>
<volume>0.5</volume>
<forecastVaccineType>N</forecastVaccineType>
</preferableVaccine>
<allowableVaccine>
<vaccineType>Varicella</vaccineType>
<cvx>21</cvx>
<beginAge>12 Months - 4 days</beginAge>
<endAge/>
</allowableVaccine>
<allowableVaccine>
<vaccineType>MMRV</vaccineType>
<cvx>94</cvx>
<beginAge>12 Months - 4 days</beginAge>
<endAge/>
</allowableVaccine>
<allowableVaccine>
<vaccineType>Zoster</vaccineType>
<cvx>121</cvx>
<beginAge>12 Months - 4 days</beginAge>
<endAge>50 years</endAge>
</allowableVaccine>
<conditionalSkip/>
<recurringDose>No</recurringDose>
<seasonalRecommendation/>
<requiredGender/>
</seriesDose>
</series>
<series>
<seriesName>Varicella 2-Dose Series for ages 13 and up</seriesName>
<targetDisease>Varicella</targetDisease>
<vaccineGroup>Varicella</vaccineGroup>
<selectBest>
<defaultSeries>No</defaultSeries>
<productPath>No</productPath>
<seriesPreference>2</seriesPreference>
<minAgeToStart>n/a</minAgeToStart>
<maxAgeToStart>n/a</maxAgeToStart>
</selectBest>
<seriesDose>
<doseNumber>Dose 1</doseNumber>
<age>
<absMinAge>13 Years</absMinAge>
<minAge>13 Years</minAge>
<earliestRecAge>13 Years</earliestRecAge>
<latestRecAge>13 Years</latestRecAge>
<maxAge/>
</age>
<interval/>
<allowableInterval/>
<preferableVaccine>
<vaccineType>Varicella</vaccineType>
<cvx>21</cvx>
<beginAge>12 Months</beginAge>
<endAge/>
<tradeName/>
<mvx/>
<volume>0.5</volume>
<forecastVaccineType>N</forecastVaccineType>
</preferableVaccine>
<allowableVaccine>
<vaccineType>Varicella</vaccineType>
<cvx>21</cvx>
<beginAge>12 Months - 4 days</beginAge>
<endAge/>
</allowableVaccine>
<allowableVaccine>
<vaccineType>MMRV</vaccineType>
<cvx>94</cvx>
<beginAge>12 Months - 4 days</beginAge>
<endAge/>
</allowableVaccine>
<allowableVaccine>
<vaccineType>Zoster</vaccineType>
<cvx>121</cvx>
<beginAge>12 Months - 4 days</beginAge>
<endAge>50 years</endAge>
</allowableVaccine>
<conditionalSkip/>
<recurringDose>No</recurringDose>
<seasonalRecommendation/>
<requiredGender/>
</seriesDose>
<seriesDose>
<doseNumber>Dose 2</doseNumber>
<age>
<absMinAge/>
<minAge/>
<earliestRecAge/>
<latestRecAge/>
<maxAge/>
</age>
<interval>
<fromPrevious>Y</fromPrevious>
<fromTargetDose/>
<fromMostRecent/>
<absMinInt>4 weeks - 4 days</absMinInt>
<minInt>4 weeks</minInt>
<earliestRecInt>4 weeks</earliestRecInt>
<latestRecInt>4 weeks</latestRecInt>
<intervalPriority/>
</interval>
<allowableInterval/>
<preferableVaccine>
<vaccineType>Varicella</vaccineType>
<cvx>21</cvx>
<beginAge>12 Months</beginAge>
<endAge/>
<tradeName/>
<mvx/>
<volume>0.5</volume>
<forecastVaccineType>N</forecastVaccineType>
</preferableVaccine>
<allowableVaccine>
<vaccineType>Varicella</vaccineType>
<cvx>21</cvx>
<beginAge>12 Months - 4 days</beginAge>
<endAge/>
</allowableVaccine>
<allowableVaccine>
<vaccineType>MMRV</vaccineType>
<cvx>94</cvx>
<beginAge>12 Months - 4 days</beginAge>
<endAge/>
</allowableVaccine>
<allowableVaccine>
<vaccineType>Zoster</vaccineType>
<cvx>121</cvx>
<beginAge>12 Months - 4 days</beginAge>
<endAge>50 years</endAge>
</allowableVaccine>
<conditionalSkip/>
<recurringDose>No</recurringDose>
<seasonalRecommendation/>
<requiredGender/>
</seriesDose>
</series>
</antigenSupportingData>
