<antigenSupportingData>
<immunity>
</immunity>
<series>
<seriesName>Zoster Standard Series</seriesName>
<targetDisease>Zoster</targetDisease>
<vaccineGroup>Zoster </vaccineGroup>
<selectBest>
<defaultSeries>Yes</defaultSeries>
<productPath>No</productPath>
<seriesPreference>1</seriesPreference>
<minAgeToStart>n/a</minAgeToStart>
<maxAgeToStart>n/a</maxAgeToStart>
</selectBest>
<seriesDose>
<doseNumber>Dose 1</doseNumber>
<age>
<absMinAge>50 Years</absMinAge>
<minAge>60 Years</minAge>
<earliestRecAge>60 Years</earliestRecAge>
<latestRecAge/>
<maxAge/>
</age>
<interval/>
<allowableInterval/>
<preferableVaccine>
<vaccineType>ZOSTAVAX</vaccineType>
<cvx>121</cvx>
<beginAge>50 years</beginAge>
<endAge/>
<tradeName/>
<mvx/>
<volume>0.65</volume>
<forecastVaccineType>N</forecastVaccineType>
</preferableVaccine>
<allowableVaccine>
<vaccineType>ZOSTAVAX</vaccineType>
<cvx>121</cvx>
<beginAge>50 years</beginAge>
<endAge/>
</allowableVaccine>
<conditionalSkip>
<setLogic>OR</setLogic>
<set>
<setID>1</setID>
<setDescription>Dose is not required if the patient has received 1 or more doses of Zoster between the ages of 12 months and 50 years</setDescription>
<conditionLogic/>
<condition>
<conditionID>1</conditionID>
<conditionType>Vaccine Count by Age</conditionType>
<startDate/>
<endDate/>
<beginAge>12 months - 4 days</beginAge>
<endAge>50 years</endAge>
<interval/>
<doseCount>0</doseCount>
<doseType>Total</doseType>
<doseCountLogic>greater than</doseCountLogic>
<vaccineTypes>121</vaccineTypes>
</condition>
</set>
<set>
<setID>2</setID>
<setDescription>Dose is not required if the patient has received 1 or more doses of Varicella after the age of 12 months</setDescription>
<conditionLogic/>
<condition>
<conditionID>1</conditionID>
<conditionType>Vaccine Count by Age</conditionType>
<startDate/>
<endDate/>
<beginAge>12 months - 4 days</beginAge>
<endAge/>
<interval/>
<doseCount>0</doseCount>
<doseType>Total</doseType>
<doseCountLogic>greater than</doseCountLogic>
<vaccineTypes>21;94</vaccineTypes>
</condition>
</set>
</conditionalSkip>
<recurringDose>No</recurringDose>
<seasonalRecommendation/>
<requiredGender/>
</seriesDose>
</series>
</antigenSupportingData>
