<antigenSupportingData>
<immunity>
<clinicalHistory>
<guideline>Laboratory Evidence of Immunity for Mumps</guideline>
<mapping>
<conceptCodeSystem>SNOMED-CT</conceptCodeSystem>
<conceptCode>371112003</conceptCode>
<conceptText>Mumps Immune (finding)</conceptText>
</mapping>
</clinicalHistory>
<dateOfBirth>
<immunityBirthDate>01/01/1957</immunityBirthDate>
<birthCountry/>
<exclusion>
<exclusionCondition>Healthcare Personnel</exclusionCondition>
<mapping>
<conceptCodeSystem>SNOMED-CT</conceptCodeSystem>
<conceptCode>223366009</conceptCode>
<conceptText>Healthcare professional (occupation)</conceptText>
</mapping>
</exclusion>
</dateOfBirth>
</immunity>
<series>
<seriesName>Mumps Standard 2-dose Series</seriesName>
<targetDisease>Mumps</targetDisease>
<vaccineGroup>MMR</vaccineGroup>
<selectBest>
<defaultSeries>Yes</defaultSeries>
<productPath>No</productPath>
<seriesPreference>1</seriesPreference>
<minAgeToStart>n/a</minAgeToStart>
<maxAgeToStart>n/a</maxAgeToStart>
</selectBest>
<seriesDose>
<doseNumber>Dose 1</doseNumber>
<age>
<absMinAge>12 months - 4 days</absMinAge>
<minAge>12 months</minAge>
<earliestRecAge>12 months</earliestRecAge>
<latestRecAge>16 months + 4 weeks</latestRecAge>
<maxAge/>
</age>
<interval/>
<allowableInterval/>
<preferableVaccine>
<vaccineType>MMR</vaccineType>
<cvx>03</cvx>
<beginAge>12 Months</beginAge>
<endAge/>
<tradeName/>
<mvx/>
<volume>0.5</volume>
<forecastVaccineType>N</forecastVaccineType>
</preferableVaccine>
<preferableVaccine>
<vaccineType>MMRV</vaccineType>
<cvx>94</cvx>
<beginAge>12 Months</beginAge>
<endAge>13 years</endAge>
<tradeName/>
<mvx/>
<volume>0.5</volume>
<forecastVaccineType>N</forecastVaccineType>
</preferableVaccine>
<allowableVaccine>
<vaccineType>MMR</vaccineType>
<cvx>03</cvx>
<beginAge>12 Months - 4 days</beginAge>
<endAge/>
</allowableVaccine>
<allowableVaccine>
<vaccineType>Mumps</vaccineType>
<cvx>07</cvx>
<beginAge>12 Months - 4 days</beginAge>
<endAge/>
</allowableVaccine>
<allowableVaccine>
<vaccineType>Rubella/Mumps</vaccineType>
<cvx>38</cvx>
<beginAge>12 Months - 4 days</beginAge>
<endAge/>
</allowableVaccine>
<allowableVaccine>
<vaccineType>MMRV</vaccineType>
<cvx>94</cvx>
<beginAge>12 Months - 4 days</beginAge>
<endAge/>
</allowableVaccine>
<conditionalSkip/>
<recurringDose>No</recurringDose>
<seasonalRecommendation/>
<requiredGender/>
</seriesDose>
<seriesDose>
<doseNumber>Dose 2</doseNumber>
<age>
<absMinAge>13 months - 4 days</absMinAge>
<minAge>13 months</minAge>
<earliestRecAge>4 years</earliestRecAge>
<latestRecAge>7 years + 4 weeks</latestRecAge>
<maxAge/>
</age>
<interval>
<fromPrevious>Y</fromPrevious>
<fromTargetDose/>
<fromMostRecent/>
<absMinInt>4 weeks - 4 days</absMinInt>
<minInt>4 weeks</minInt>
<earliestRecInt>3 years</earliestRecInt>
<latestRecInt>6 years + 4 weeks</latestRecInt>
<intervalPriority/>
</interval>
<allowableInterval/>
<preferableVaccine>
<vaccineType>MMR</vaccineType>
<cvx>03</cvx>
<beginAge>12 Months</beginAge>
<endAge/>
<tradeName/>
<mvx/>
<volume>0.5</volume>
<forecastVaccineType>N</forecastVaccineType>
</preferableVaccine>
<preferableVaccine>
<vaccineType>MMRV</vaccineType>
<cvx>94</cvx>
<beginAge>12 Months</beginAge>
<endAge>13 years</endAge>
<tradeName/>
<mvx/>
<volume>0.5</volume>
<forecastVaccineType>N</forecastVaccineType>
</preferableVaccine>
<allowableVaccine>
<vaccineType>MMR</vaccineType>
<cvx>03</cvx>
<beginAge>12 Months - 4 days</beginAge>
<endAge/>
</allowableVaccine>
<allowableVaccine>
<vaccineType>Mumps</vaccineType>
<cvx>07</cvx>
<beginAge>12 Months - 4 days</beginAge>
<endAge/>
</allowableVaccine>
<allowableVaccine>
<vaccineType>Rubella/Mumps</vaccineType>
<cvx>38</cvx>
<beginAge>12 Months - 4 days</beginAge>
<endAge/>
</allowableVaccine>
<allowableVaccine>
<vaccineType>MMRV</vaccineType>
<cvx>94</cvx>
<beginAge>12 Months - 4 days</beginAge>
<endAge/>
</allowableVaccine>
<conditionalSkip/>
<recurringDose>No</recurringDose>
<seasonalRecommendation/>
<requiredGender/>
</seriesDose>
</series>
</antigenSupportingData>
