<antigenSupportingData>
<immunity>
</immunity>
<series>
<seriesName>Hib Standard Series</seriesName>
<targetDisease>Hib</targetDisease>
<vaccineGroup>Hib</vaccineGroup>
<selectBest>
<defaultSeries>Yes</defaultSeries>
<productPath>No</productPath>
<seriesPreference>1</seriesPreference>
<minAgeToStart>n/a</minAgeToStart>
<maxAgeToStart>7 months - 4 days</maxAgeToStart>
</selectBest>
<seriesDose>
<doseNumber>Dose 1</doseNumber>
<age>
<absMinAge>6 weeks - 4 days</absMinAge>
<minAge>6 weeks</minAge>
<earliestRecAge>2 months</earliestRecAge>
<latestRecAge>3 months + 4 weeks</latestRecAge>
<maxAge>5 years</maxAge>
</age>
<interval/>
<allowableInterval/>
<preferableVaccine>
<vaccineType>PRP-T</vaccineType>
<cvx>48</cvx>
<beginAge>6 weeks</beginAge>
<endAge>5 years</endAge>
<tradeName>ActHIB</tradeName>
<mvx>PMC</mvx>
<volume>0.5</volume>
<forecastVaccineType>N</forecastVaccineType>
</preferableVaccine>
<preferableVaccine>
<vaccineType>PRP-OMP</vaccineType>
<cvx>49</cvx>
<beginAge>6 weeks</beginAge>
<endAge>5 years</endAge>
<tradeName/>
<mvx/>
<volume>0.5</volume>
<forecastVaccineType>Y</forecastVaccineType>
</preferableVaccine>
<preferableVaccine>
<vaccineType>Hib-HepB</vaccineType>
<cvx>51</cvx>
<beginAge>6 weeks</beginAge>
<endAge>5 years</endAge>
<tradeName/>
<mvx/>
<volume>0.5</volume>
<forecastVaccineType>N</forecastVaccineType>
</preferableVaccine>
<preferableVaccine>
<vaccineType>DTaP-Hib-IPV</vaccineType>
<cvx>120</cvx>
<beginAge>6 weeks</beginAge>
<endAge>5 years</endAge>
<tradeName/>
<mvx/>
<volume>0.5</volume>
<forecastVaccineType>N</forecastVaccineType>
</preferableVaccine>
<allowableVaccine>
<vaccineType>Hib, unspecified formulation</vaccineType>
<cvx>17</cvx>
<beginAge>6 weeks - 4 days</beginAge>
<endAge/>
</allowableVaccine>
<allowableVaccine>
<vaccineType>DTP-Hib</vaccineType>
<cvx>22</cvx>
<beginAge>6 weeks - 4 days</beginAge>
<endAge/>
</allowableVaccine>
<allowableVaccine>
<vaccineType>PRP-D</vaccineType>
<cvx>46</cvx>
<beginAge>6 weeks - 4 days</beginAge>
<endAge/>
</allowableVaccine>
<allowableVaccine>
<vaccineType>HbOC</vaccineType>
<cvx>47</cvx>
<beginAge>6 weeks - 4 days</beginAge>
<endAge/>
</allowableVaccine>
<allowableVaccine>
<vaccineType>PRP-T</vaccineType>
<cvx>48</cvx>
<beginAge>6 weeks - 4 days</beginAge>
<endAge/>
</allowableVaccine>
<allowableVaccine>
<vaccineType>PRP-OMP</vaccineType>
<cvx>49</cvx>
<beginAge>6 weeks - 4 days</beginAge>
<endAge/>
</allowableVaccine>
<allowableVaccine>
<vaccineType>Hib-HepB</vaccineType>
<cvx>51</cvx>
<beginAge>6 weeks - 4 days</beginAge>
<endAge/>
</allowableVaccine>
<allowableVaccine>
<vaccineType>DTaP-Hib-HepB</vaccineType>
<cvx>102</cvx>
<beginAge>6 weeks - 4 days</beginAge>
<endAge/>
</allowableVaccine>
<allowableVaccine>
<vaccineType>DTaP-Hib-IPV</vaccineType>
<cvx>120</cvx>
<beginAge>6 weeks - 4 days</beginAge>
<endAge/>
</allowableVaccine>
<allowableVaccine>
<vaccineType>DTaP-IPV-Hib-HepB,historical</vaccineType>
<cvx>132</cvx>
<beginAge>6 weeks - 4 days</beginAge>
<endAge/>
</allowableVaccine>
<allowableVaccine>
<vaccineType>DTaP-IPV-Hib-HepB</vaccineType>
<cvx>146</cvx>
<beginAge>6 weeks - 4 days</beginAge>
<endAge/>
</allowableVaccine>
<allowableVaccine>
<vaccineType>Hib-MenCY-TT</vaccineType>
<cvx>148</cvx>
<beginAge>6 weeks - 4 days</beginAge>
<endAge>19 months</endAge>
</allowableVaccine>
<conditionalSkip/>
<recurringDose>No</recurringDose>
<seasonalRecommendation/>
<requiredGender/>
</seriesDose>
<seriesDose>
<doseNumber>Dose 2</doseNumber>
<age>
<absMinAge>10 weeks - 4 days</absMinAge>
<minAge>10 weeks</minAge>
<earliestRecAge>4 months</earliestRecAge>
<latestRecAge>5 months + 4 weeks</latestRecAge>
<maxAge>5 years</maxAge>
</age>
<interval>
<fromPrevious>Y</fromPrevious>
<fromTargetDose/>
<fromMostRecent/>
<absMinInt>4 weeks - 4 days</absMinInt>
<minInt>4 weeks</minInt>
<earliestRecInt>8 weeks</earliestRecInt>
<latestRecInt>16 weeks</latestRecInt>
<intervalPriority/>
</interval>
<allowableInterval/>
<preferableVaccine>
<vaccineType>PRP-T</vaccineType>
<cvx>48</cvx>
<beginAge>6 weeks</beginAge>
<endAge>5 years</endAge>
<tradeName>ActHIB</tradeName>
<mvx>PMC</mvx>
<volume>0.5</volume>
<forecastVaccineType>N</forecastVaccineType>
</preferableVaccine>
<preferableVaccine>
<vaccineType>PRP-OMP</vaccineType>
<cvx>49</cvx>
<beginAge>6 weeks</beginAge>
<endAge>5 years</endAge>
<tradeName/>
<mvx/>
<volume>0.5</volume>
<forecastVaccineType>Y</forecastVaccineType>
</preferableVaccine>
<preferableVaccine>
<vaccineType>Hib-HepB</vaccineType>
<cvx>51</cvx>
<beginAge>6 weeks</beginAge>
<endAge>5 years</endAge>
<tradeName/>
<mvx/>
<volume>0.5</volume>
<forecastVaccineType>N</forecastVaccineType>
</preferableVaccine>
<preferableVaccine>
<vaccineType>DTaP-Hib-IPV</vaccineType>
<cvx>120</cvx>
<beginAge>6 weeks</beginAge>
<endAge>5 years</endAge>
<tradeName/>
<mvx/>
<volume>0.5</volume>
<forecastVaccineType>N</forecastVaccineType>
</preferableVaccine>
<allowableVaccine>
<vaccineType>Hib, unspecified formulation</vaccineType>
<cvx>17</cvx>
<beginAge>6 weeks - 4 days</beginAge>
<endAge/>
</allowableVaccine>
<allowableVaccine>
<vaccineType>DTP-Hib</vaccineType>
<cvx>22</cvx>
<beginAge>6 weeks - 4 days</beginAge>
<endAge/>
</allowableVaccine>
<allowableVaccine>
<vaccineType>PRP-D</vaccineType>
<cvx>46</cvx>
<beginAge>6 weeks - 4 days</beginAge>
<endAge/>
</allowableVaccine>
<allowableVaccine>
<vaccineType>HbOC</vaccineType>
<cvx>47</cvx>
<beginAge>6 weeks - 4 days</beginAge>
<endAge/>
</allowableVaccine>
<allowableVaccine>
<vaccineType>PRP-T</vaccineType>
<cvx>48</cvx>
<beginAge>6 weeks - 4 days</beginAge>
<endAge/>
</allowableVaccine>
<allowableVaccine>
<vaccineType>PRP-OMP</vaccineType>
<cvx>49</cvx>
<beginAge>6 weeks - 4 days</beginAge>
<endAge/>
</allowableVaccine>
<allowableVaccine>
<vaccineType>Hib-HepB</vaccineType>
<cvx>51</cvx>
<beginAge>6 weeks - 4 days</beginAge>
<endAge/>
</allowableVaccine>
<allowableVaccine>
<vaccineType>DTaP-Hib-HepB</vaccineType>
<cvx>102</cvx>
<beginAge>6 weeks - 4 days</beginAge>
<endAge/>
</allowableVaccine>
<allowableVaccine>
<vaccineType>DTaP-Hib-IPV</vaccineType>
<cvx>120</cvx>
<beginAge>6 weeks - 4 days</beginAge>
<endAge/>
</allowableVaccine>
<allowableVaccine>
<vaccineType>DTaP-IPV-Hib-HepB,historical</vaccineType>
<cvx>132</cvx>
<beginAge>6 weeks - 4 days</beginAge>
<endAge/>
</allowableVaccine>
<allowableVaccine>
<vaccineType>DTaP-IPV-Hib-HepB</vaccineType>
<cvx>146</cvx>
<beginAge>6 weeks - 4 days</beginAge>
<endAge/>
</allowableVaccine>
<allowableVaccine>
<vaccineType>Hib-MenCY-TT</vaccineType>
<cvx>148</cvx>
<beginAge>6 weeks - 4 days</beginAge>
<endAge>19 months</endAge>
</allowableVaccine>
<conditionalSkip>
<setLogic>n/a</setLogic>
<set>
<setID>1</setID>
<setDescription>Dose is not required for those 15 months or older</setDescription>
<conditionLogic/>
<condition>
<conditionID>1</conditionID>
<conditionType>Age</conditionType>
<startDate/>
<endDate/>
<beginAge>15 months - 4 days</beginAge>
<endAge/>
<interval/>
<doseCount/>
<doseType/>
<doseCountLogic/>
<vaccineTypes/>
</condition>
</set>
</conditionalSkip>
<recurringDose>No</recurringDose>
<seasonalRecommendation/>
<requiredGender/>
</seriesDose>
<seriesDose>
<doseNumber>Dose 3</doseNumber>
<age>
<absMinAge>14 weeks - 4 days</absMinAge>
<minAge>14 weeks</minAge>
<earliestRecAge>6 months</earliestRecAge>
<latestRecAge>7 months + 4 weeks</latestRecAge>
<maxAge>5 years</maxAge>
</age>
<interval>
<fromPrevious>Y</fromPrevious>
<fromTargetDose/>
<fromMostRecent/>
<absMinInt>4 weeks - 4 days</absMinInt>
<minInt>4 weeks</minInt>
<earliestRecInt>8 weeks</earliestRecInt>
<latestRecInt>16 weeks</latestRecInt>
<intervalPriority/>
</interval>
<allowableInterval/>
<preferableVaccine>
<vaccineType>PRP-T</vaccineType>
<cvx>48</cvx>
<beginAge>6 weeks</beginAge>
<endAge>5 years</endAge>
<tradeName>ActHIB</tradeName>
<mvx>PMC</mvx>
<volume>0.5</volume>
<forecastVaccineType>N</forecastVaccineType>
</preferableVaccine>
<preferableVaccine>
<vaccineType>PRP-OMP</vaccineType>
<cvx>49</cvx>
<beginAge>6 weeks</beginAge>
<endAge>5 years</endAge>
<tradeName/>
<mvx/>
<volume>0.5</volume>
<forecastVaccineType>Y</forecastVaccineType>
</preferableVaccine>
<preferableVaccine>
<vaccineType>Hib-HepB</vaccineType>
<cvx>51</cvx>
<beginAge>6 weeks</beginAge>
<endAge>5 years</endAge>
<tradeName/>
<mvx/>
<volume>0.5</volume>
<forecastVaccineType>N</forecastVaccineType>
</preferableVaccine>
<preferableVaccine>
<vaccineType>DTaP-Hib-IPV</vaccineType>
<cvx>120</cvx>
<beginAge>6 weeks</beginAge>
<endAge>5 years</endAge>
<tradeName/>
<mvx/>
<volume>0.5</volume>
<forecastVaccineType>N</forecastVaccineType>
</preferableVaccine>
<allowableVaccine>
<vaccineType>Hib, unspecified formulation</vaccineType>
<cvx>17</cvx>
<beginAge>6 weeks - 4 days</beginAge>
<endAge/>
</allowableVaccine>
<allowableVaccine>
<vaccineType>DTP-Hib</vaccineType>
<cvx>22</cvx>
<beginAge>6 weeks - 4 days</beginAge>
<endAge/>
</allowableVaccine>
<allowableVaccine>
<vaccineType>PRP-D</vaccineType>
<cvx>46</cvx>
<beginAge>6 weeks - 4 days</beginAge>
<endAge/>
</allowableVaccine>
<allowableVaccine>
<vaccineType>HbOC</vaccineType>
<cvx>47</cvx>
<beginAge>6 weeks - 4 days</beginAge>
<endAge/>
</allowableVaccine>
<allowableVaccine>
<vaccineType>PRP-T</vaccineType>
<cvx>48</cvx>
<beginAge>6 weeks - 4 days</beginAge>
<endAge/>
</allowableVaccine>
<allowableVaccine>
<vaccineType>PRP-OMP</vaccineType>
<cvx>49</cvx>
<beginAge>6 weeks - 4 days</beginAge>
<endAge/>
</allowableVaccine>
<allowableVaccine>
<vaccineType>DTaP/Hib</vaccineType>
<cvx>50</cvx>
<beginAge>12 months - 4 days</beginAge>
<endAge/>
</allowableVaccine>
<allowableVaccine>
<vaccineType>Hib-HepB</vaccineType>
<cvx>51</cvx>
<beginAge>6 weeks - 4 days</beginAge>
<endAge/>
</allowableVaccine>
<allowableVaccine>
<vaccineType>DTaP-Hib-HepB</vaccineType>
<cvx>102</cvx>
<beginAge>6 weeks - 4 days</beginAge>
<endAge/>
</allowableVaccine>
<allowableVaccine>
<vaccineType>DTaP-Hib-IPV</vaccineType>
<cvx>120</cvx>
<beginAge>6 weeks - 4 days</beginAge>
<endAge/>
</allowableVaccine>
<allowableVaccine>
<vaccineType>DTaP-IPV-Hib-HepB,historical</vaccineType>
<cvx>132</cvx>
<beginAge>6 weeks - 4 days</beginAge>
<endAge/>
</allowableVaccine>
<allowableVaccine>
<vaccineType>DTaP-IPV-Hib-HepB</vaccineType>
<cvx>146</cvx>
<beginAge>6 weeks - 4 days</beginAge>
<endAge/>
</allowableVaccine>
<allowableVaccine>
<vaccineType>Hib-MenCY-TT</vaccineType>
<cvx>148</cvx>
<beginAge>6 weeks - 4 days</beginAge>
<endAge>19 months</endAge>
</allowableVaccine>
<conditionalSkip>
<setLogic>n/a</setLogic>
<set>
<setID>1</setID>
<setDescription>Dose is not required for those 12 months or older</setDescription>
<conditionLogic/>
<condition>
<conditionID>1</conditionID>
<conditionType>Age</conditionType>
<startDate/>
<endDate/>
<beginAge>12 months - 4 days</beginAge>
<endAge/>
<interval/>
<doseCount/>
<doseType/>
<doseCountLogic/>
<vaccineTypes/>
</condition>
</set>
</conditionalSkip>
<recurringDose>No</recurringDose>
<seasonalRecommendation/>
<requiredGender/>
</seriesDose>
<seriesDose>
<doseNumber>Dose 4</doseNumber>
<age>
<absMinAge>12 months - 4 days</absMinAge>
<minAge>12 months</minAge>
<earliestRecAge>12 months</earliestRecAge>
<latestRecAge>16 months + 4 weeks</latestRecAge>
<maxAge>5 years</maxAge>
</age>
<interval>
<fromPrevious>Y</fromPrevious>
<fromTargetDose/>
<fromMostRecent/>
<absMinInt>8 weeks - 4 days</absMinInt>
<minInt>8 weeks</minInt>
<earliestRecInt>6 months</earliestRecInt>
<latestRecInt>10 months + 4 weeks</latestRecInt>
<intervalPriority/>
</interval>
<allowableInterval/>
<preferableVaccine>
<vaccineType>PRP-T</vaccineType>
<cvx>48</cvx>
<beginAge>6 weeks</beginAge>
<endAge>5 years</endAge>
<tradeName>ActHIB</tradeName>
<mvx>PMC</mvx>
<volume>0.5</volume>
<forecastVaccineType>N</forecastVaccineType>
</preferableVaccine>
<preferableVaccine>
<vaccineType>PRP-T</vaccineType>
<cvx>48</cvx>
<beginAge>12 months</beginAge>
<endAge>5 years</endAge>
<tradeName>HIBERIX</tradeName>
<mvx>SKB</mvx>
<volume>0.5</volume>
<forecastVaccineType>N</forecastVaccineType>
</preferableVaccine>
<preferableVaccine>
<vaccineType>PRP-OMP</vaccineType>
<cvx>49</cvx>
<beginAge>6 weeks</beginAge>
<endAge>5 years</endAge>
<tradeName/>
<mvx/>
<volume>0.5</volume>
<forecastVaccineType>Y</forecastVaccineType>
</preferableVaccine>
<preferableVaccine>
<vaccineType>Hib-HepB</vaccineType>
<cvx>51</cvx>
<beginAge>6 weeks</beginAge>
<endAge>5 years</endAge>
<tradeName/>
<mvx/>
<volume>0.5</volume>
<forecastVaccineType>N</forecastVaccineType>
</preferableVaccine>
<preferableVaccine>
<vaccineType>DTaP-Hib-IPV</vaccineType>
<cvx>120</cvx>
<beginAge>6 weeks</beginAge>
<endAge>5 years</endAge>
<tradeName/>
<mvx/>
<volume>0.5</volume>
<forecastVaccineType>N</forecastVaccineType>
</preferableVaccine>
<allowableVaccine>
<vaccineType>Hib, unspecified formulation</vaccineType>
<cvx>17</cvx>
<beginAge>6 weeks - 4 days</beginAge>
<endAge/>
</allowableVaccine>
<allowableVaccine>
<vaccineType>DTP-Hib</vaccineType>
<cvx>22</cvx>
<beginAge>6 weeks - 4 days</beginAge>
<endAge/>
</allowableVaccine>
<allowableVaccine>
<vaccineType>PRP-D</vaccineType>
<cvx>46</cvx>
<beginAge>6 weeks - 4 days</beginAge>
<endAge/>
</allowableVaccine>
<allowableVaccine>
<vaccineType>HbOC</vaccineType>
<cvx>47</cvx>
<beginAge>6 weeks - 4 days</beginAge>
<endAge/>
</allowableVaccine>
<allowableVaccine>
<vaccineType>PRP-T</vaccineType>
<cvx>48</cvx>
<beginAge>6 weeks - 4 days</beginAge>
<endAge/>
</allowableVaccine>
<allowableVaccine>
<vaccineType>PRP-OMP</vaccineType>
<cvx>49</cvx>
<beginAge>6 weeks - 4 days</beginAge>
<endAge/>
</allowableVaccine>
<allowableVaccine>
<vaccineType>DTaP/Hib</vaccineType>
<cvx>50</cvx>
<beginAge>12 months - 4 days</beginAge>
<endAge/>
</allowableVaccine>
<allowableVaccine>
<vaccineType>Hib-HepB</vaccineType>
<cvx>51</cvx>
<beginAge>6 weeks - 4 days</beginAge>
<endAge/>
</allowableVaccine>
<allowableVaccine>
<vaccineType>DTaP-Hib-HepB</vaccineType>
<cvx>102</cvx>
<beginAge>6 weeks - 4 days</beginAge>
<endAge/>
</allowableVaccine>
<allowableVaccine>
<vaccineType>DTaP-Hib-IPV</vaccineType>
<cvx>120</cvx>
<beginAge>6 weeks - 4 days</beginAge>
<endAge/>
</allowableVaccine>
<allowableVaccine>
<vaccineType>DTaP-IPV-Hib-HepB,historical</vaccineType>
<cvx>132</cvx>
<beginAge>6 weeks - 4 days</beginAge>
<endAge/>
</allowableVaccine>
<allowableVaccine>
<vaccineType>DTaP-IPV-Hib-HepB</vaccineType>
<cvx>146</cvx>
<beginAge>6 weeks - 4 days</beginAge>
<endAge/>
</allowableVaccine>
<allowableVaccine>
<vaccineType>Hib-MenCY-TT</vaccineType>
<cvx>148</cvx>
<beginAge>6 weeks - 4 days</beginAge>
<endAge>19 months</endAge>
</allowableVaccine>
<conditionalSkip/>
<recurringDose>No</recurringDose>
<seasonalRecommendation/>
<requiredGender/>
</seriesDose>
</series>
<series>
<seriesName>Hib Start at 7 mo Series</seriesName>
<targetDisease>Hib</targetDisease>
<vaccineGroup>Hib</vaccineGroup>
<selectBest>
<defaultSeries>No</defaultSeries>
<productPath>No</productPath>
<seriesPreference>3</seriesPreference>
<minAgeToStart>n/a</minAgeToStart>
<maxAgeToStart>12 months - 4 days</maxAgeToStart>
</selectBest>
<seriesDose>
<doseNumber>Dose 1</doseNumber>
<age>
<absMinAge>7 months - 4 days</absMinAge>
<minAge>7 months</minAge>
<earliestRecAge/>
<latestRecAge/>
<maxAge>5 years</maxAge>
</age>
<interval/>
<allowableInterval/>
<preferableVaccine>
<vaccineType>PRP-T</vaccineType>
<cvx>48</cvx>
<beginAge>6 weeks</beginAge>
<endAge>5 years</endAge>
<tradeName>ActHIB</tradeName>
<mvx>PMC</mvx>
<volume>0.5</volume>
<forecastVaccineType>N</forecastVaccineType>
</preferableVaccine>
<preferableVaccine>
<vaccineType>PRP-OMP</vaccineType>
<cvx>49</cvx>
<beginAge>6 weeks</beginAge>
<endAge>5 years</endAge>
<tradeName/>
<mvx/>
<volume>0.5</volume>
<forecastVaccineType>Y</forecastVaccineType>
</preferableVaccine>
<preferableVaccine>
<vaccineType>Hib-HepB</vaccineType>
<cvx>51</cvx>
<beginAge>6 weeks</beginAge>
<endAge>5 years</endAge>
<tradeName/>
<mvx/>
<volume>0.5</volume>
<forecastVaccineType>N</forecastVaccineType>
</preferableVaccine>
<preferableVaccine>
<vaccineType>DTaP-Hib-IPV</vaccineType>
<cvx>120</cvx>
<beginAge>6 weeks</beginAge>
<endAge>5 years</endAge>
<tradeName/>
<mvx/>
<volume>0.5</volume>
<forecastVaccineType>N</forecastVaccineType>
</preferableVaccine>
<allowableVaccine>
<vaccineType>Hib, unspecified formulation</vaccineType>
<cvx>17</cvx>
<beginAge>6 weeks - 4 days</beginAge>
<endAge/>
</allowableVaccine>
<allowableVaccine>
<vaccineType>DTP-Hib</vaccineType>
<cvx>22</cvx>
<beginAge>6 weeks - 4 days</beginAge>
<endAge/>
</allowableVaccine>
<allowableVaccine>
<vaccineType>PRP-D</vaccineType>
<cvx>46</cvx>
<beginAge>6 weeks - 4 days</beginAge>
<endAge/>
</allowableVaccine>
<allowableVaccine>
<vaccineType>HbOC</vaccineType>
<cvx>47</cvx>
<beginAge>6 weeks - 4 days</beginAge>
<endAge/>
</allowableVaccine>
<allowableVaccine>
<vaccineType>PRP-T</vaccineType>
<cvx>48</cvx>
<beginAge>6 weeks - 4 days</beginAge>
<endAge/>
</allowableVaccine>
<allowableVaccine>
<vaccineType>PRP-OMP</vaccineType>
<cvx>49</cvx>
<beginAge>6 weeks - 4 days</beginAge>
<endAge/>
</allowableVaccine>
<allowableVaccine>
<vaccineType>Hib-HepB</vaccineType>
<cvx>51</cvx>
<beginAge>6 weeks - 4 days</beginAge>
<endAge/>
</allowableVaccine>
<allowableVaccine>
<vaccineType>DTaP-Hib-HepB</vaccineType>
<cvx>102</cvx>
<beginAge>6 weeks - 4 days</beginAge>
<endAge/>
</allowableVaccine>
<allowableVaccine>
<vaccineType>DTaP-Hib-IPV</vaccineType>
<cvx>120</cvx>
<beginAge>6 weeks - 4 days</beginAge>
<endAge/>
</allowableVaccine>
<allowableVaccine>
<vaccineType>DTaP-IPV-Hib-HepB,historical</vaccineType>
<cvx>132</cvx>
<beginAge>6 weeks - 4 days</beginAge>
<endAge/>
</allowableVaccine>
<allowableVaccine>
<vaccineType>DTaP-IPV-Hib-HepB</vaccineType>
<cvx>146</cvx>
<beginAge>6 weeks - 4 days</beginAge>
<endAge/>
</allowableVaccine>
<allowableVaccine>
<vaccineType>Hib-MenCY-TT</vaccineType>
<cvx>148</cvx>
<beginAge>6 weeks - 4 days</beginAge>
<endAge>19 months</endAge>
</allowableVaccine>
<conditionalSkip/>
<recurringDose>No</recurringDose>
<seasonalRecommendation/>
<requiredGender/>
</seriesDose>
<seriesDose>
<doseNumber>Dose 2</doseNumber>
<age>
<absMinAge/>
<minAge/>
<earliestRecAge/>
<latestRecAge/>
<maxAge>5 years</maxAge>
</age>
<interval>
<fromPrevious>Y</fromPrevious>
<fromTargetDose/>
<fromMostRecent/>
<absMinInt>4 weeks - 4 days</absMinInt>
<minInt>4 weeks</minInt>
<earliestRecInt>4 weeks</earliestRecInt>
<latestRecInt>4 weeks</latestRecInt>
<intervalPriority/>
</interval>
<allowableInterval/>
<preferableVaccine>
<vaccineType>PRP-T</vaccineType>
<cvx>48</cvx>
<beginAge>6 weeks</beginAge>
<endAge>5 years</endAge>
<tradeName>ActHIB</tradeName>
<mvx>PMC</mvx>
<volume>0.5</volume>
<forecastVaccineType>N</forecastVaccineType>
</preferableVaccine>
<preferableVaccine>
<vaccineType>PRP-OMP</vaccineType>
<cvx>49</cvx>
<beginAge>6 weeks</beginAge>
<endAge>5 years</endAge>
<tradeName/>
<mvx/>
<volume>0.5</volume>
<forecastVaccineType>Y</forecastVaccineType>
</preferableVaccine>
<preferableVaccine>
<vaccineType>Hib-HepB</vaccineType>
<cvx>51</cvx>
<beginAge>6 weeks</beginAge>
<endAge>5 years</endAge>
<tradeName/>
<mvx/>
<volume>0.5</volume>
<forecastVaccineType>N</forecastVaccineType>
</preferableVaccine>
<preferableVaccine>
<vaccineType>DTaP-Hib-IPV</vaccineType>
<cvx>120</cvx>
<beginAge>6 weeks</beginAge>
<endAge>5 years</endAge>
<tradeName/>
<mvx/>
<volume>0.5</volume>
<forecastVaccineType>N</forecastVaccineType>
</preferableVaccine>
<allowableVaccine>
<vaccineType>Hib, unspecified formulation</vaccineType>
<cvx>17</cvx>
<beginAge>6 weeks - 4 days</beginAge>
<endAge/>
</allowableVaccine>
<allowableVaccine>
<vaccineType>DTP-Hib</vaccineType>
<cvx>22</cvx>
<beginAge>6 weeks - 4 days</beginAge>
<endAge/>
</allowableVaccine>
<allowableVaccine>
<vaccineType>PRP-D</vaccineType>
<cvx>46</cvx>
<beginAge>6 weeks - 4 days</beginAge>
<endAge/>
</allowableVaccine>
<allowableVaccine>
<vaccineType>HbOC</vaccineType>
<cvx>47</cvx>
<beginAge>6 weeks - 4 days</beginAge>
<endAge/>
</allowableVaccine>
<allowableVaccine>
<vaccineType>PRP-T</vaccineType>
<cvx>48</cvx>
<beginAge>6 weeks - 4 days</beginAge>
<endAge/>
</allowableVaccine>
<allowableVaccine>
<vaccineType>PRP-OMP</vaccineType>
<cvx>49</cvx>
<beginAge>6 weeks - 4 days</beginAge>
<endAge/>
</allowableVaccine>
<allowableVaccine>
<vaccineType>DTaP/Hib</vaccineType>
<cvx>50</cvx>
<beginAge>12 months - 4 days</beginAge>
<endAge/>
</allowableVaccine>
<allowableVaccine>
<vaccineType>Hib-HepB</vaccineType>
<cvx>51</cvx>
<beginAge>6 weeks - 4 days</beginAge>
<endAge/>
</allowableVaccine>
<allowableVaccine>
<vaccineType>DTaP-Hib-HepB</vaccineType>
<cvx>102</cvx>
<beginAge>6 weeks - 4 days</beginAge>
<endAge/>
</allowableVaccine>
<allowableVaccine>
<vaccineType>DTaP-Hib-IPV</vaccineType>
<cvx>120</cvx>
<beginAge>6 weeks - 4 days</beginAge>
<endAge/>
</allowableVaccine>
<allowableVaccine>
<vaccineType>DTaP-IPV-Hib-HepB,historical</vaccineType>
<cvx>132</cvx>
<beginAge>6 weeks - 4 days</beginAge>
<endAge/>
</allowableVaccine>
<allowableVaccine>
<vaccineType>DTaP-IPV-Hib-HepB</vaccineType>
<cvx>146</cvx>
<beginAge>6 weeks - 4 days</beginAge>
<endAge/>
</allowableVaccine>
<allowableVaccine>
<vaccineType>Hib-MenCY-TT</vaccineType>
<cvx>148</cvx>
<beginAge>6 weeks - 4 days</beginAge>
<endAge>19 months</endAge>
</allowableVaccine>
<conditionalSkip>
<setLogic>n/a</setLogic>
<set>
<setID>1</setID>
<setDescription>Dose is not required for those 15 months or older</setDescription>
<conditionLogic/>
<condition>
<conditionID>1</conditionID>
<conditionType>Age</conditionType>
<startDate/>
<endDate/>
<beginAge>15 months - 4 days</beginAge>
<endAge/>
<interval/>
<doseCount/>
<doseType/>
<doseCountLogic/>
<vaccineTypes/>
</condition>
</set>
</conditionalSkip>
<recurringDose>No</recurringDose>
<seasonalRecommendation/>
<requiredGender/>
</seriesDose>
<seriesDose>
<doseNumber>Dose 3</doseNumber>
<age>
<absMinAge>12 months - 4 days</absMinAge>
<minAge>12 months</minAge>
<earliestRecAge>12 months</earliestRecAge>
<latestRecAge>16 months + 4 weeks</latestRecAge>
<maxAge>5 years</maxAge>
</age>
<interval>
<fromPrevious>Y</fromPrevious>
<fromTargetDose/>
<fromMostRecent/>
<absMinInt>8 weeks - 4 days</absMinInt>
<minInt>8 weeks</minInt>
<earliestRecInt>8 weeks</earliestRecInt>
<latestRecInt>8 weeks</latestRecInt>
<intervalPriority/>
</interval>
<allowableInterval/>
<preferableVaccine>
<vaccineType>PRP-T</vaccineType>
<cvx>48</cvx>
<beginAge>6 weeks</beginAge>
<endAge>5 years</endAge>
<tradeName>ActHIB</tradeName>
<mvx>PMC</mvx>
<volume>0.5</volume>
<forecastVaccineType>N</forecastVaccineType>
</preferableVaccine>
<preferableVaccine>
<vaccineType>PRP-T</vaccineType>
<cvx>48</cvx>
<beginAge>12 months</beginAge>
<endAge>5 years</endAge>
<tradeName>HIBERIX</tradeName>
<mvx>SKB</mvx>
<volume>0.5</volume>
<forecastVaccineType>N</forecastVaccineType>
</preferableVaccine>
<preferableVaccine>
<vaccineType>PRP-OMP</vaccineType>
<cvx>49</cvx>
<beginAge>6 weeks</beginAge>
<endAge>5 years</endAge>
<tradeName/>
<mvx/>
<volume>0.5</volume>
<forecastVaccineType>Y</forecastVaccineType>
</preferableVaccine>
<preferableVaccine>
<vaccineType>Hib-HepB</vaccineType>
<cvx>51</cvx>
<beginAge>6 weeks</beginAge>
<endAge>5 years</endAge>
<tradeName/>
<mvx/>
<volume>0.5</volume>
<forecastVaccineType>N</forecastVaccineType>
</preferableVaccine>
<preferableVaccine>
<vaccineType>DTaP-Hib-IPV</vaccineType>
<cvx>120</cvx>
<beginAge>6 weeks</beginAge>
<endAge>5 years</endAge>
<tradeName/>
<mvx/>
<volume>0.5</volume>
<forecastVaccineType>N</forecastVaccineType>
</preferableVaccine>
<allowableVaccine>
<vaccineType>Hib, unspecified formulation</vaccineType>
<cvx>17</cvx>
<beginAge>6 weeks - 4 days</beginAge>
<endAge/>
</allowableVaccine>
<allowableVaccine>
<vaccineType>DTP-Hib</vaccineType>
<cvx>22</cvx>
<beginAge>6 weeks - 4 days</beginAge>
<endAge/>
</allowableVaccine>
<allowableVaccine>
<vaccineType>PRP-D</vaccineType>
<cvx>46</cvx>
<beginAge>6 weeks - 4 days</beginAge>
<endAge/>
</allowableVaccine>
<allowableVaccine>
<vaccineType>HbOC</vaccineType>
<cvx>47</cvx>
<beginAge>6 weeks - 4 days</beginAge>
<endAge/>
</allowableVaccine>
<allowableVaccine>
<vaccineType>PRP-T</vaccineType>
<cvx>48</cvx>
<beginAge>6 weeks - 4 days</beginAge>
<endAge/>
</allowableVaccine>
<allowableVaccine>
<vaccineType>PRP-OMP</vaccineType>
<cvx>49</cvx>
<beginAge>6 weeks - 4 days</beginAge>
<endAge/>
</allowableVaccine>
<allowableVaccine>
<vaccineType>DTaP/Hib</vaccineType>
<cvx>50</cvx>
<beginAge>12 months - 4 days</beginAge>
<endAge/>
</allowableVaccine>
<allowableVaccine>
<vaccineType>Hib-HepB</vaccineType>
<cvx>51</cvx>
<beginAge>6 weeks - 4 days</beginAge>
<endAge/>
</allowableVaccine>
<allowableVaccine>
<vaccineType>DTaP-Hib-HepB</vaccineType>
<cvx>102</cvx>
<beginAge>6 weeks - 4 days</beginAge>
<endAge/>
</allowableVaccine>
<allowableVaccine>
<vaccineType>DTaP-Hib-IPV</vaccineType>
<cvx>120</cvx>
<beginAge>6 weeks - 4 days</beginAge>
<endAge/>
</allowableVaccine>
<allowableVaccine>
<vaccineType>DTaP-IPV-Hib-HepB,historical</vaccineType>
<cvx>132</cvx>
<beginAge>6 weeks - 4 days</beginAge>
<endAge/>
</allowableVaccine>
<allowableVaccine>
<vaccineType>DTaP-IPV-Hib-HepB</vaccineType>
<cvx>146</cvx>
<beginAge>6 weeks - 4 days</beginAge>
<endAge/>
</allowableVaccine>
<allowableVaccine>
<vaccineType>Hib-MenCY-TT</vaccineType>
<cvx>148</cvx>
<beginAge>6 weeks - 4 days</beginAge>
<endAge>19 months</endAge>
</allowableVaccine>
<conditionalSkip/>
<recurringDose>No</recurringDose>
<seasonalRecommendation/>
<requiredGender/>
</seriesDose>
</series>
<series>
<seriesName>Hib Start at 12 mo Series</seriesName>
<targetDisease>Hib</targetDisease>
<vaccineGroup>Hib</vaccineGroup>
<selectBest>
<defaultSeries>No</defaultSeries>
<productPath>No</productPath>
<seriesPreference>4</seriesPreference>
<minAgeToStart>n/a</minAgeToStart>
<maxAgeToStart>15 months - 4 days</maxAgeToStart>
</selectBest>
<seriesDose>
<doseNumber>Dose 1</doseNumber>
<age>
<absMinAge>12 months - 4 days</absMinAge>
<minAge>12 months</minAge>
<earliestRecAge/>
<latestRecAge/>
<maxAge>5 years</maxAge>
</age>
<interval/>
<allowableInterval/>
<preferableVaccine>
<vaccineType>PRP-T</vaccineType>
<cvx>48</cvx>
<beginAge>6 weeks</beginAge>
<endAge>5 years</endAge>
<tradeName>ActHIB</tradeName>
<mvx>PMC</mvx>
<volume>0.5</volume>
<forecastVaccineType>N</forecastVaccineType>
</preferableVaccine>
<preferableVaccine>
<vaccineType>PRP-OMP</vaccineType>
<cvx>49</cvx>
<beginAge>6 weeks</beginAge>
<endAge>5 years</endAge>
<tradeName/>
<mvx/>
<volume>0.5</volume>
<forecastVaccineType>Y</forecastVaccineType>
</preferableVaccine>
<preferableVaccine>
<vaccineType>Hib-HepB</vaccineType>
<cvx>51</cvx>
<beginAge>6 weeks</beginAge>
<endAge>5 years</endAge>
<tradeName/>
<mvx/>
<volume>0.5</volume>
<forecastVaccineType>N</forecastVaccineType>
</preferableVaccine>
<preferableVaccine>
<vaccineType>DTaP-Hib-IPV</vaccineType>
<cvx>120</cvx>
<beginAge>6 weeks</beginAge>
<endAge>5 years</endAge>
<tradeName/>
<mvx/>
<volume>0.5</volume>
<forecastVaccineType>N</forecastVaccineType>
</preferableVaccine>
<allowableVaccine>
<vaccineType>Hib, unspecified formulation</vaccineType>
<cvx>17</cvx>
<beginAge>6 weeks - 4 days</beginAge>
<endAge/>
</allowableVaccine>
<allowableVaccine>
<vaccineType>DTP-Hib</vaccineType>
<cvx>22</cvx>
<beginAge>6 weeks - 4 days</beginAge>
<endAge/>
</allowableVaccine>
<allowableVaccine>
<vaccineType>PRP-D</vaccineType>
<cvx>46</cvx>
<beginAge>6 weeks - 4 days</beginAge>
<endAge/>
</allowableVaccine>
<allowableVaccine>
<vaccineType>HbOC</vaccineType>
<cvx>47</cvx>
<beginAge>6 weeks - 4 days</beginAge>
<endAge/>
</allowableVaccine>
<allowableVaccine>
<vaccineType>PRP-T</vaccineType>
<cvx>48</cvx>
<beginAge>6 weeks - 4 days</beginAge>
<endAge/>
</allowableVaccine>
<allowableVaccine>
<vaccineType>PRP-OMP</vaccineType>
<cvx>49</cvx>
<beginAge>6 weeks - 4 days</beginAge>
<endAge/>
</allowableVaccine>
<allowableVaccine>
<vaccineType>DTaP/Hib</vaccineType>
<cvx>50</cvx>
<beginAge>12 months - 4 days</beginAge>
<endAge/>
</allowableVaccine>
<allowableVaccine>
<vaccineType>Hib-HepB</vaccineType>
<cvx>51</cvx>
<beginAge>6 weeks - 4 days</beginAge>
<endAge/>
</allowableVaccine>
<allowableVaccine>
<vaccineType>DTaP-Hib-HepB</vaccineType>
<cvx>102</cvx>
<beginAge>6 weeks - 4 days</beginAge>
<endAge/>
</allowableVaccine>
<allowableVaccine>
<vaccineType>DTaP-Hib-IPV</vaccineType>
<cvx>120</cvx>
<beginAge>6 weeks - 4 days</beginAge>
<endAge/>
</allowableVaccine>
<allowableVaccine>
<vaccineType>DTaP-IPV-Hib-HepB,historical</vaccineType>
<cvx>132</cvx>
<beginAge>6 weeks - 4 days</beginAge>
<endAge/>
</allowableVaccine>
<allowableVaccine>
<vaccineType>DTaP-IPV-Hib-HepB</vaccineType>
<cvx>146</cvx>
<beginAge>6 weeks - 4 days</beginAge>
<endAge/>
</allowableVaccine>
<allowableVaccine>
<vaccineType>Hib-MenCY-TT</vaccineType>
<cvx>148</cvx>
<beginAge>6 weeks - 4 days</beginAge>
<endAge>19 months</endAge>
</allowableVaccine>
<conditionalSkip/>
<recurringDose>No</recurringDose>
<seasonalRecommendation/>
<requiredGender/>
</seriesDose>
<seriesDose>
<doseNumber>Dose 2</doseNumber>
<age>
<absMinAge/>
<minAge/>
<earliestRecAge/>
<latestRecAge/>
<maxAge>5 years</maxAge>
</age>
<interval>
<fromPrevious>Y</fromPrevious>
<fromTargetDose/>
<fromMostRecent/>
<absMinInt>8 weeks - 4 days</absMinInt>
<minInt>8 weeks</minInt>
<earliestRecInt>8 weeks</earliestRecInt>
<latestRecInt>8 weeks</latestRecInt>
<intervalPriority/>
</interval>
<allowableInterval/>
<preferableVaccine>
<vaccineType>PRP-T</vaccineType>
<cvx>48</cvx>
<beginAge>6 weeks</beginAge>
<endAge>5 years</endAge>
<tradeName>ActHIB</tradeName>
<mvx>PMC</mvx>
<volume>0.5</volume>
<forecastVaccineType>N</forecastVaccineType>
</preferableVaccine>
<preferableVaccine>
<vaccineType>PRP-T</vaccineType>
<cvx>48</cvx>
<beginAge>12 months</beginAge>
<endAge>5 years</endAge>
<tradeName>HIBERIX</tradeName>
<mvx>SKB</mvx>
<volume>0.5</volume>
<forecastVaccineType>N</forecastVaccineType>
</preferableVaccine>
<preferableVaccine>
<vaccineType>PRP-OMP</vaccineType>
<cvx>49</cvx>
<beginAge>6 weeks</beginAge>
<endAge>5 years</endAge>
<tradeName/>
<mvx/>
<volume>0.5</volume>
<forecastVaccineType>Y</forecastVaccineType>
</preferableVaccine>
<preferableVaccine>
<vaccineType>Hib-HepB</vaccineType>
<cvx>51</cvx>
<beginAge>6 weeks</beginAge>
<endAge>5 years</endAge>
<tradeName/>
<mvx/>
<volume>0.5</volume>
<forecastVaccineType>N</forecastVaccineType>
</preferableVaccine>
<preferableVaccine>
<vaccineType>DTaP-Hib-IPV</vaccineType>
<cvx>120</cvx>
<beginAge>6 weeks</beginAge>
<endAge>5 years</endAge>
<tradeName/>
<mvx/>
<volume>0.5</volume>
<forecastVaccineType>N</forecastVaccineType>
</preferableVaccine>
<allowableVaccine>
<vaccineType>Hib, unspecified formulation</vaccineType>
<cvx>17</cvx>
<beginAge>6 weeks - 4 days</beginAge>
<endAge/>
</allowableVaccine>
<allowableVaccine>
<vaccineType>DTP-Hib</vaccineType>
<cvx>22</cvx>
<beginAge>6 weeks - 4 days</beginAge>
<endAge/>
</allowableVaccine>
<allowableVaccine>
<vaccineType>PRP-D</vaccineType>
<cvx>46</cvx>
<beginAge>6 weeks - 4 days</beginAge>
<endAge/>
</allowableVaccine>
<allowableVaccine>
<vaccineType>HbOC</vaccineType>
<cvx>47</cvx>
<beginAge>6 weeks - 4 days</beginAge>
<endAge/>
</allowableVaccine>
<allowableVaccine>
<vaccineType>PRP-T</vaccineType>
<cvx>48</cvx>
<beginAge>6 weeks - 4 days</beginAge>
<endAge/>
</allowableVaccine>
<allowableVaccine>
<vaccineType>PRP-OMP</vaccineType>
<cvx>49</cvx>
<beginAge>6 weeks - 4 days</beginAge>
<endAge/>
</allowableVaccine>
<allowableVaccine>
<vaccineType>DTaP/Hib</vaccineType>
<cvx>50</cvx>
<beginAge>12 months - 4 days</beginAge>
<endAge/>
</allowableVaccine>
<allowableVaccine>
<vaccineType>Hib-HepB</vaccineType>
<cvx>51</cvx>
<beginAge>6 weeks - 4 days</beginAge>
<endAge/>
</allowableVaccine>
<allowableVaccine>
<vaccineType>DTaP-Hib-HepB</vaccineType>
<cvx>102</cvx>
<beginAge>6 weeks - 4 days</beginAge>
<endAge/>
</allowableVaccine>
<allowableVaccine>
<vaccineType>DTaP-Hib-IPV</vaccineType>
<cvx>120</cvx>
<beginAge>6 weeks - 4 days</beginAge>
<endAge/>
</allowableVaccine>
<allowableVaccine>
<vaccineType>DTaP-IPV-Hib-HepB,historical</vaccineType>
<cvx>132</cvx>
<beginAge>6 weeks - 4 days</beginAge>
<endAge/>
</allowableVaccine>
<allowableVaccine>
<vaccineType>DTaP-IPV-Hib-HepB</vaccineType>
<cvx>146</cvx>
<beginAge>6 weeks - 4 days</beginAge>
<endAge/>
</allowableVaccine>
<allowableVaccine>
<vaccineType>Hib-MenCY-TT</vaccineType>
<cvx>148</cvx>
<beginAge>6 weeks - 4 days</beginAge>
<endAge>19 months</endAge>
</allowableVaccine>
<conditionalSkip/>
<recurringDose>No</recurringDose>
<seasonalRecommendation/>
<requiredGender/>
</seriesDose>
</series>
<series>
<seriesName>Hib Start at 15 mo Series</seriesName>
<targetDisease>Hib</targetDisease>
<vaccineGroup>Hib</vaccineGroup>
<selectBest>
<defaultSeries>No</defaultSeries>
<productPath>No</productPath>
<seriesPreference>5</seriesPreference>
<minAgeToStart>n/a</minAgeToStart>
<maxAgeToStart>n/a</maxAgeToStart>
</selectBest>
<seriesDose>
<doseNumber>Dose 1</doseNumber>
<age>
<absMinAge>15 months - 4 days</absMinAge>
<minAge>15 months</minAge>
<earliestRecAge/>
<latestRecAge/>
<maxAge>5 years</maxAge>
</age>
<interval/>
<allowableInterval/>
<preferableVaccine>
<vaccineType>PRP-T</vaccineType>
<cvx>48</cvx>
<beginAge>6 weeks</beginAge>
<endAge>5 years</endAge>
<tradeName>ActHIB</tradeName>
<mvx>PMC</mvx>
<volume>0.5</volume>
<forecastVaccineType>N</forecastVaccineType>
</preferableVaccine>
<preferableVaccine>
<vaccineType>PRP-OMP</vaccineType>
<cvx>49</cvx>
<beginAge>6 weeks</beginAge>
<endAge>5 years</endAge>
<tradeName/>
<mvx/>
<volume>0.5</volume>
<forecastVaccineType>Y</forecastVaccineType>
</preferableVaccine>
<preferableVaccine>
<vaccineType>Hib-HepB</vaccineType>
<cvx>51</cvx>
<beginAge>6 weeks</beginAge>
<endAge>5 years</endAge>
<tradeName/>
<mvx/>
<volume>0.5</volume>
<forecastVaccineType>N</forecastVaccineType>
</preferableVaccine>
<preferableVaccine>
<vaccineType>DTaP-Hib-IPV</vaccineType>
<cvx>120</cvx>
<beginAge>6 weeks</beginAge>
<endAge>5 years</endAge>
<tradeName/>
<mvx/>
<volume>0.5</volume>
<forecastVaccineType>N</forecastVaccineType>
</preferableVaccine>
<allowableVaccine>
<vaccineType>Hib, unspecified formulation</vaccineType>
<cvx>17</cvx>
<beginAge>6 weeks - 4 days</beginAge>
<endAge/>
</allowableVaccine>
<allowableVaccine>
<vaccineType>DTP-Hib</vaccineType>
<cvx>22</cvx>
<beginAge>6 weeks - 4 days</beginAge>
<endAge/>
</allowableVaccine>
<allowableVaccine>
<vaccineType>PRP-D</vaccineType>
<cvx>46</cvx>
<beginAge>6 weeks - 4 days</beginAge>
<endAge/>
</allowableVaccine>
<allowableVaccine>
<vaccineType>HbOC</vaccineType>
<cvx>47</cvx>
<beginAge>6 weeks - 4 days</beginAge>
<endAge/>
</allowableVaccine>
<allowableVaccine>
<vaccineType>PRP-T</vaccineType>
<cvx>48</cvx>
<beginAge>6 weeks - 4 days</beginAge>
<endAge/>
</allowableVaccine>
<allowableVaccine>
<vaccineType>PRP-OMP</vaccineType>
<cvx>49</cvx>
<beginAge>6 weeks - 4 days</beginAge>
<endAge/>
</allowableVaccine>
<allowableVaccine>
<vaccineType>DTaP/Hib</vaccineType>
<cvx>50</cvx>
<beginAge>12 months - 4 days</beginAge>
<endAge/>
</allowableVaccine>
<allowableVaccine>
<vaccineType>Hib-HepB</vaccineType>
<cvx>51</cvx>
<beginAge>6 weeks - 4 days</beginAge>
<endAge/>
</allowableVaccine>
<allowableVaccine>
<vaccineType>DTaP-Hib-HepB</vaccineType>
<cvx>102</cvx>
<beginAge>6 weeks - 4 days</beginAge>
<endAge/>
</allowableVaccine>
<allowableVaccine>
<vaccineType>DTaP-Hib-IPV</vaccineType>
<cvx>120</cvx>
<beginAge>6 weeks - 4 days</beginAge>
<endAge/>
</allowableVaccine>
<allowableVaccine>
<vaccineType>DTaP-IPV-Hib-HepB,historical</vaccineType>
<cvx>132</cvx>
<beginAge>6 weeks - 4 days</beginAge>
<endAge/>
</allowableVaccine>
<allowableVaccine>
<vaccineType>DTaP-IPV-Hib-HepB</vaccineType>
<cvx>146</cvx>
<beginAge>6 weeks - 4 days</beginAge>
<endAge/>
</allowableVaccine>
<allowableVaccine>
<vaccineType>Hib-MenCY-TT</vaccineType>
<cvx>148</cvx>
<beginAge>6 weeks - 4 days</beginAge>
<endAge>19 months</endAge>
</allowableVaccine>
<conditionalSkip/>
<recurringDose>No</recurringDose>
<seasonalRecommendation/>
<requiredGender/>
</seriesDose>
</series>
<series>
<seriesName>Hib 3-dose PRP-OMP series</seriesName>
<targetDisease>Hib</targetDisease>
<vaccineGroup>Hib</vaccineGroup>
<selectBest>
<defaultSeries>No</defaultSeries>
<productPath>Yes</productPath>
<seriesPreference>2</seriesPreference>
<minAgeToStart>n/a</minAgeToStart>
<maxAgeToStart>n/a</maxAgeToStart>
</selectBest>
<seriesDose>
<doseNumber>Dose 1</doseNumber>
<age>
<absMinAge>6 weeks - 4 days</absMinAge>
<minAge>6 weeks</minAge>
<earliestRecAge>2 months</earliestRecAge>
<latestRecAge>3 months + 4 weeks</latestRecAge>
<maxAge>5 years</maxAge>
</age>
<interval/>
<allowableInterval/>
<preferableVaccine>
<vaccineType>PRP-OMP</vaccineType>
<cvx>49</cvx>
<beginAge>6 weeks</beginAge>
<endAge>5 years</endAge>
<tradeName/>
<mvx/>
<volume>0.5</volume>
<forecastVaccineType>Y</forecastVaccineType>
</preferableVaccine>
<preferableVaccine>
<vaccineType>Hib-HepB</vaccineType>
<cvx>51</cvx>
<beginAge>6 weeks</beginAge>
<endAge>5 years</endAge>
<tradeName/>
<mvx/>
<volume>0.5</volume>
<forecastVaccineType>N</forecastVaccineType>
</preferableVaccine>
<allowableVaccine>
<vaccineType>PRP-OMP</vaccineType>
<cvx>49</cvx>
<beginAge>6 weeks - 4 days</beginAge>
<endAge/>
</allowableVaccine>
<allowableVaccine>
<vaccineType>Hib-HepB</vaccineType>
<cvx>51</cvx>
<beginAge>6 weeks - 4 days</beginAge>
<endAge/>
</allowableVaccine>
<conditionalSkip/>
<recurringDose>No</recurringDose>
<seasonalRecommendation/>
<requiredGender/>
</seriesDose>
<seriesDose>
<doseNumber>Dose 2</doseNumber>
<age>
<absMinAge>10 weeks - 4 days</absMinAge>
<minAge>10 weeks</minAge>
<earliestRecAge>4 months</earliestRecAge>
<latestRecAge>5 months + 4 weeks</latestRecAge>
<maxAge>5 years</maxAge>
</age>
<interval>
<fromPrevious>Y</fromPrevious>
<fromTargetDose/>
<fromMostRecent/>
<absMinInt>4 weeks - 4 days</absMinInt>
<minInt>4 weeks</minInt>
<earliestRecInt>8 weeks</earliestRecInt>
<latestRecInt>16 weeks</latestRecInt>
<intervalPriority/>
</interval>
<allowableInterval/>
<preferableVaccine>
<vaccineType>PRP-OMP</vaccineType>
<cvx>49</cvx>
<beginAge/>
<endAge/>
<tradeName/>
<mvx/>
<volume>0.5</volume>
<forecastVaccineType>Y</forecastVaccineType>
</preferableVaccine>
<preferableVaccine>
<vaccineType>Hib-Hep B</vaccineType>
<cvx>51</cvx>
<beginAge/>
<endAge/>
<tradeName/>
<mvx/>
<volume>0.5</volume>
<forecastVaccineType>N</forecastVaccineType>
</preferableVaccine>
<allowableVaccine>
<vaccineType>PRP-OMP</vaccineType>
<cvx>49</cvx>
<beginAge>6 weeks - 4 days</beginAge>
<endAge/>
</allowableVaccine>
<allowableVaccine>
<vaccineType>Hib-HepB</vaccineType>
<cvx>51</cvx>
<beginAge>6 weeks - 4 days</beginAge>
<endAge/>
</allowableVaccine>
<conditionalSkip/>
<recurringDose>No</recurringDose>
<seasonalRecommendation/>
<requiredGender/>
</seriesDose>
<seriesDose>
<doseNumber>Dose 3</doseNumber>
<age>
<absMinAge>12 months - 4 days</absMinAge>
<minAge>12 months</minAge>
<earliestRecAge>12 months</earliestRecAge>
<latestRecAge>16 months + 4 weeks</latestRecAge>
<maxAge>5 years</maxAge>
</age>
<interval>
<fromPrevious>Y</fromPrevious>
<fromTargetDose/>
<fromMostRecent/>
<absMinInt>8 weeks - 4 days</absMinInt>
<minInt>8 weeks</minInt>
<earliestRecInt>6 months</earliestRecInt>
<latestRecInt>10 months + 4 weeks</latestRecInt>
<intervalPriority/>
</interval>
<allowableInterval/>
<preferableVaccine>
<vaccineType>PRP-T</vaccineType>
<cvx>48</cvx>
<beginAge>6 weeks</beginAge>
<endAge>5 years</endAge>
<tradeName>ActHIB</tradeName>
<mvx>PMC</mvx>
<volume>0.5</volume>
<forecastVaccineType>N</forecastVaccineType>
</preferableVaccine>
<preferableVaccine>
<vaccineType>PRP-T</vaccineType>
<cvx>48</cvx>
<beginAge>12 months</beginAge>
<endAge>5 years</endAge>
<tradeName>HIBERIX</tradeName>
<mvx>SKB</mvx>
<volume>0.5</volume>
<forecastVaccineType>N</forecastVaccineType>
</preferableVaccine>
<preferableVaccine>
<vaccineType>PRP-OMP</vaccineType>
<cvx>49</cvx>
<beginAge>6 weeks</beginAge>
<endAge>5 years</endAge>
<tradeName/>
<mvx/>
<volume>0.5</volume>
<forecastVaccineType>Y</forecastVaccineType>
</preferableVaccine>
<preferableVaccine>
<vaccineType>Hib-HepB</vaccineType>
<cvx>51</cvx>
<beginAge>6 weeks</beginAge>
<endAge>5 years</endAge>
<tradeName/>
<mvx/>
<volume>0.5</volume>
<forecastVaccineType>N</forecastVaccineType>
</preferableVaccine>
<preferableVaccine>
<vaccineType>DTaP-Hib-IPV</vaccineType>
<cvx>120</cvx>
<beginAge>6 weeks</beginAge>
<endAge>5 years</endAge>
<tradeName/>
<mvx/>
<volume>0.5</volume>
<forecastVaccineType>N</forecastVaccineType>
</preferableVaccine>
<allowableVaccine>
<vaccineType>Hib, unspecified formulation</vaccineType>
<cvx>17</cvx>
<beginAge>6 weeks - 4 days</beginAge>
<endAge/>
</allowableVaccine>
<allowableVaccine>
<vaccineType>DTP-Hib</vaccineType>
<cvx>22</cvx>
<beginAge>6 weeks - 4 days</beginAge>
<endAge/>
</allowableVaccine>
<allowableVaccine>
<vaccineType>PRP-D</vaccineType>
<cvx>46</cvx>
<beginAge>6 weeks - 4 days</beginAge>
<endAge/>
</allowableVaccine>
<allowableVaccine>
<vaccineType>HbOC</vaccineType>
<cvx>47</cvx>
<beginAge>6 weeks - 4 days</beginAge>
<endAge/>
</allowableVaccine>
<allowableVaccine>
<vaccineType>PRP-T</vaccineType>
<cvx>48</cvx>
<beginAge>6 weeks - 4 days</beginAge>
<endAge/>
</allowableVaccine>
<allowableVaccine>
<vaccineType>PRP-OMP</vaccineType>
<cvx>49</cvx>
<beginAge>6 weeks - 4 days</beginAge>
<endAge/>
</allowableVaccine>
<allowableVaccine>
<vaccineType>DTaP/Hib</vaccineType>
<cvx>50</cvx>
<beginAge>12 months - 4 days</beginAge>
<endAge/>
</allowableVaccine>
<allowableVaccine>
<vaccineType>Hib-HepB</vaccineType>
<cvx>51</cvx>
<beginAge>6 weeks - 4 days</beginAge>
<endAge/>
</allowableVaccine>
<allowableVaccine>
<vaccineType>DTaP-Hib-HepB</vaccineType>
<cvx>102</cvx>
<beginAge>6 weeks - 4 days</beginAge>
<endAge/>
</allowableVaccine>
<allowableVaccine>
<vaccineType>DTaP-Hib-IPV</vaccineType>
<cvx>120</cvx>
<beginAge>6 weeks - 4 days</beginAge>
<endAge/>
</allowableVaccine>
<allowableVaccine>
<vaccineType>DTaP-IPV-Hib-HepB,historical</vaccineType>
<cvx>132</cvx>
<beginAge>6 weeks - 4 days</beginAge>
<endAge/>
</allowableVaccine>
<allowableVaccine>
<vaccineType>DTaP-IPV-Hib-HepB</vaccineType>
<cvx>146</cvx>
<beginAge>6 weeks - 4 days</beginAge>
<endAge/>
</allowableVaccine>
<allowableVaccine>
<vaccineType>Hib-MenCY-TT</vaccineType>
<cvx>148</cvx>
<beginAge>6 weeks - 4 days</beginAge>
<endAge>19 months</endAge>
</allowableVaccine>
<conditionalSkip/>
<recurringDose>No</recurringDose>
<seasonalRecommendation/>
<requiredGender/>
</seriesDose>
</series>
</antigenSupportingData>
