<antigenSupportingData>
<immunity>
<clinicalHistory>
<guideline>Laboratory Evidence of Immunity or confirmation of Hepatitis A Disease</guideline>
<mapping>
<conceptCodeSystem>SNOMED-CT</conceptCodeSystem>
<conceptCode>278971009</conceptCode>
<conceptText>Hepatitis A Immune (Finding)</conceptText>
</mapping>
</clinicalHistory>
</immunity>
<series>
<seriesName>Hep A Standard 2-dose series</seriesName>
<targetDisease>Hep A</targetDisease>
<vaccineGroup>Hep A</vaccineGroup>
<selectBest>
<defaultSeries>Yes</defaultSeries>
<productPath>No</productPath>
<seriesPreference>1</seriesPreference>
<minAgeToStart>n/a</minAgeToStart>
<maxAgeToStart>n/a</maxAgeToStart>
</selectBest>
<seriesDose>
<doseNumber>Dose 1</doseNumber>
<age>
<absMinAge>12 months - 4 days</absMinAge>
<minAge>12 months</minAge>
<earliestRecAge>12 months</earliestRecAge>
<latestRecAge>24 months + 4 weeks</latestRecAge>
<maxAge/>
</age>
<interval/>
<allowableInterval/>
<preferableVaccine>
<vaccineType>Hep A, adult</vaccineType>
<cvx>52</cvx>
<beginAge>19 years</beginAge>
<endAge/>
<tradeName/>
<mvx/>
<volume>1</volume>
<forecastVaccineType>N</forecastVaccineType>
</preferableVaccine>
<preferableVaccine>
<vaccineType>Hep A, ped/adol, 2 dose</vaccineType>
<cvx>83</cvx>
<beginAge>12 months</beginAge>
<endAge>19 years</endAge>
<tradeName/>
<mvx/>
<volume>0.5</volume>
<forecastVaccineType>N</forecastVaccineType>
</preferableVaccine>
<allowableVaccine>
<vaccineType>Hep A, adult</vaccineType>
<cvx>52</cvx>
<beginAge>12 months - 4 days</beginAge>
<endAge/>
</allowableVaccine>
<allowableVaccine>
<vaccineType>Hep A, ped/adol, 2 dose</vaccineType>
<cvx>83</cvx>
<beginAge>12 months - 4 days</beginAge>
<endAge/>
</allowableVaccine>
<allowableVaccine>
<vaccineType>Hep A, Unspecified</vaccineType>
<cvx>85</cvx>
<beginAge>12 months - 4 days</beginAge>
<endAge/>
</allowableVaccine>
<allowableVaccine>
<vaccineType>HepA-HepB</vaccineType>
<cvx>104</cvx>
<beginAge>12 months - 4 days</beginAge>
<endAge>18 years</endAge>
</allowableVaccine>
<conditionalSkip/>
<recurringDose>No</recurringDose>
<seasonalRecommendation/>
<requiredGender/>
</seriesDose>
<seriesDose>
<doseNumber>Dose 2</doseNumber>
<age>
<absMinAge>18 months - 4 days</absMinAge>
<minAge>18 months</minAge>
<earliestRecAge>18 months</earliestRecAge>
<latestRecAge>24 months + 4 weeks</latestRecAge>
<maxAge/>
</age>
<interval>
<fromPrevious>Y</fromPrevious>
<fromTargetDose/>
<fromMostRecent/>
<absMinInt>6 months - 4 days</absMinInt>
<minInt>6 months</minInt>
<earliestRecInt>6 months</earliestRecInt>
<latestRecInt>19 months + 4 weeks</latestRecInt>
<intervalPriority/>
</interval>
<allowableInterval>
<fromPrevious>N</fromPrevious>
<fromTargetDose>1</fromTargetDose>
<absMinInt>6 months</absMinInt>
</allowableInterval>
<preferableVaccine>
<vaccineType>Hep A, adult</vaccineType>
<cvx>52</cvx>
<beginAge>19 years</beginAge>
<endAge/>
<tradeName/>
<mvx/>
<volume>1</volume>
<forecastVaccineType>N</forecastVaccineType>
</preferableVaccine>
<preferableVaccine>
<vaccineType>Hep A, ped/adol, 2 dose</vaccineType>
<cvx>83</cvx>
<beginAge>12 months</beginAge>
<endAge>19 years</endAge>
<tradeName/>
<mvx/>
<volume>0.5</volume>
<forecastVaccineType>N</forecastVaccineType>
</preferableVaccine>
<allowableVaccine>
<vaccineType>Hep A, adult</vaccineType>
<cvx>52</cvx>
<beginAge>12 months - 4 days</beginAge>
<endAge/>
</allowableVaccine>
<allowableVaccine>
<vaccineType>Hep A, ped/adol, 2 dose</vaccineType>
<cvx>83</cvx>
<beginAge>12 months - 4 days</beginAge>
<endAge/>
</allowableVaccine>
<allowableVaccine>
<vaccineType>Hep A, Unspecified</vaccineType>
<cvx>85</cvx>
<beginAge>12 months - 4 days</beginAge>
<endAge/>
</allowableVaccine>
<allowableVaccine>
<vaccineType>HepA-HepB</vaccineType>
<cvx>104</cvx>
<beginAge>12 months - 4 days</beginAge>
<endAge>18 years</endAge>
</allowableVaccine>
<conditionalSkip/>
<recurringDose>No</recurringDose>
<seasonalRecommendation/>
<requiredGender/>
</seriesDose>
</series>
<series>
<seriesName>Hep A Twinrix 3 dose Series</seriesName>
<targetDisease>Hep A</targetDisease>
<vaccineGroup>Hep A</vaccineGroup>
<selectBest>
<defaultSeries>No</defaultSeries>
<productPath>Yes</productPath>
<seriesPreference>2</seriesPreference>
<minAgeToStart>n/a</minAgeToStart>
<maxAgeToStart>n/a</maxAgeToStart>
</selectBest>
<seriesDose>
<doseNumber>Dose 1</doseNumber>
<age>
<absMinAge>18 years - 4 days</absMinAge>
<minAge>18 years</minAge>
<earliestRecAge>18 years</earliestRecAge>
<latestRecAge/>
<maxAge/>
</age>
<interval/>
<allowableInterval/>
<preferableVaccine>
<vaccineType>HepA-HepB</vaccineType>
<cvx>104</cvx>
<beginAge/>
<endAge/>
<tradeName/>
<mvx/>
<volume>1</volume>
<forecastVaccineType>Y</forecastVaccineType>
</preferableVaccine>
<allowableVaccine/>
<conditionalSkip/>
<recurringDose>No</recurringDose>
<seasonalRecommendation/>
<requiredGender/>
</seriesDose>
<seriesDose>
<doseNumber>Dose 2</doseNumber>
<age>
<absMinAge/>
<minAge/>
<earliestRecAge/>
<latestRecAge/>
<maxAge/>
</age>
<interval>
<fromPrevious>Y</fromPrevious>
<fromTargetDose/>
<fromMostRecent/>
<absMinInt>4 weeks - 4 days</absMinInt>
<minInt>4 weeks</minInt>
<earliestRecInt>4 weeks</earliestRecInt>
<latestRecInt/>
<intervalPriority/>
</interval>
<allowableInterval/>
<preferableVaccine>
<vaccineType>HepA-HepB</vaccineType>
<cvx>104</cvx>
<beginAge/>
<endAge/>
<tradeName/>
<mvx/>
<volume>1</volume>
<forecastVaccineType>Y</forecastVaccineType>
</preferableVaccine>
<allowableVaccine>
<vaccineType>Hep A, ped/adol, 2 dose</vaccineType>
<cvx>83</cvx>
<beginAge/>
<endAge/>
</allowableVaccine>
<allowableVaccine>
<vaccineType>Hep A, adult</vaccineType>
<cvx>52</cvx>
<beginAge/>
<endAge/>
</allowableVaccine>
<conditionalSkip/>
<recurringDose>No</recurringDose>
<seasonalRecommendation/>
<requiredGender/>
</seriesDose>
<seriesDose>
<doseNumber>Dose 3</doseNumber>
<age>
<absMinAge/>
<minAge/>
<earliestRecAge/>
<latestRecAge/>
<maxAge/>
</age>
<interval>
<fromPrevious>Y</fromPrevious>
<fromTargetDose/>
<fromMostRecent/>
<absMinInt>5 months - 4 days</absMinInt>
<minInt>5 months</minInt>
<earliestRecInt>5 months</earliestRecInt>
<latestRecInt/>
<intervalPriority/>
</interval>
<allowableInterval/>
<preferableVaccine>
<vaccineType>HepA-HepB</vaccineType>
<cvx>104</cvx>
<beginAge/>
<endAge/>
<tradeName/>
<mvx/>
<volume>1</volume>
<forecastVaccineType>Y</forecastVaccineType>
</preferableVaccine>
<allowableVaccine>
<vaccineType>Hep A, ped/adol, 2 dose</vaccineType>
<cvx>83</cvx>
<beginAge/>
<endAge/>
</allowableVaccine>
<allowableVaccine>
<vaccineType>Hep A, adult</vaccineType>
<cvx>52</cvx>
<beginAge/>
<endAge/>
</allowableVaccine>
<conditionalSkip/>
<recurringDose>No</recurringDose>
<seasonalRecommendation/>
<requiredGender/>
</seriesDose>
</series>
<series>
<seriesName>Hep A Twinrix 4 dose Series</seriesName>
<targetDisease>Hep A</targetDisease>
<vaccineGroup>Hep A</vaccineGroup>
<selectBest>
<defaultSeries>No</defaultSeries>
<productPath>Yes</productPath>
<seriesPreference>3</seriesPreference>
<minAgeToStart>n/a</minAgeToStart>
<maxAgeToStart>n/a</maxAgeToStart>
</selectBest>
<seriesDose>
<doseNumber>Dose 1</doseNumber>
<age>
<absMinAge>18 years - 4 days</absMinAge>
<minAge>18 years</minAge>
<earliestRecAge>18 years</earliestRecAge>
<latestRecAge/>
<maxAge/>
</age>
<interval/>
<allowableInterval/>
<preferableVaccine>
<vaccineType>HepA-HepB</vaccineType>
<cvx>104</cvx>
<beginAge/>
<endAge/>
<tradeName/>
<mvx/>
<volume>1</volume>
<forecastVaccineType>Y</forecastVaccineType>
</preferableVaccine>
<allowableVaccine/>
<conditionalSkip/>
<recurringDose>No</recurringDose>
<seasonalRecommendation/>
<requiredGender/>
</seriesDose>
<seriesDose>
<doseNumber>Dose 2</doseNumber>
<age>
<absMinAge/>
<minAge/>
<earliestRecAge/>
<latestRecAge/>
<maxAge/>
</age>
<interval>
<fromPrevious>Y</fromPrevious>
<fromTargetDose/>
<fromMostRecent/>
<absMinInt>7 days</absMinInt>
<minInt>7 days</minInt>
<earliestRecInt>7 days</earliestRecInt>
<latestRecInt/>
<intervalPriority/>
</interval>
<allowableInterval/>
<preferableVaccine>
<vaccineType>HepA-HepB</vaccineType>
<cvx>104</cvx>
<beginAge/>
<endAge/>
<tradeName/>
<mvx/>
<volume>1</volume>
<forecastVaccineType>Y</forecastVaccineType>
</preferableVaccine>
<allowableVaccine/>
<conditionalSkip/>
<recurringDose>No</recurringDose>
<seasonalRecommendation/>
<requiredGender/>
</seriesDose>
<seriesDose>
<doseNumber>Dose 3</doseNumber>
<age>
<absMinAge/>
<minAge/>
<earliestRecAge/>
<latestRecAge/>
<maxAge/>
</age>
<interval>
<fromPrevious>Y</fromPrevious>
<fromTargetDose/>
<fromMostRecent/>
<absMinInt>14 days</absMinInt>
<minInt>14 days</minInt>
<earliestRecInt>14 days</earliestRecInt>
<latestRecInt>24 days</latestRecInt>
<intervalPriority/>
</interval>
<allowableInterval/>
<preferableVaccine>
<vaccineType>HepA-HepB</vaccineType>
<cvx>104</cvx>
<beginAge/>
<endAge/>
<tradeName/>
<mvx/>
<volume>1</volume>
<forecastVaccineType>Y</forecastVaccineType>
</preferableVaccine>
<allowableVaccine/>
<conditionalSkip/>
<recurringDose>No</recurringDose>
<seasonalRecommendation/>
<requiredGender/>
</seriesDose>
<seriesDose>
<doseNumber>Dose 4</doseNumber>
<age>
<absMinAge/>
<minAge/>
<earliestRecAge/>
<latestRecAge/>
<maxAge/>
</age>
<interval>
<fromPrevious>N</fromPrevious>
<fromTargetDose>1</fromTargetDose>
<fromMostRecent/>
<absMinInt>12 months - 4 days</absMinInt>
<minInt>12 months</minInt>
<earliestRecInt>12 months</earliestRecInt>
<latestRecInt/>
<intervalPriority/>
</interval>
<allowableInterval/>
<preferableVaccine>
<vaccineType>HepA-HepB</vaccineType>
<cvx>104</cvx>
<beginAge/>
<endAge/>
<tradeName/>
<mvx/>
<volume>1</volume>
<forecastVaccineType>Y</forecastVaccineType>
</preferableVaccine>
<allowableVaccine/>
<conditionalSkip/>
<recurringDose>No</recurringDose>
<seasonalRecommendation/>
<requiredGender/>
</seriesDose>
</series>
</antigenSupportingData>
